File,StartLine,EndLine,ConfigExpr,ConfigList,ConfigValues,Effective
linux-6.18-rc3/arch/riscv/errata/sifive/errata_cip_453.S,26,27,CONFIG_MMU,CONFIG_MMU,CONFIG_MMU=y,True
linux-6.18-rc3/arch/riscv/errata/sifive/errata_cip_453.S,28,29,!(CONFIG_MMU),CONFIG_MMU,CONFIG_MMU=y,False
linux-6.18-rc3/arch/riscv/errata/sifive/errata.c,47,48,CONFIG_MMU,CONFIG_MMU,CONFIG_MMU=y,True
linux-6.18-rc3/arch/riscv/kernel/hibernate.c,132,137,CONFIG_SMP,CONFIG_SMP,CONFIG_SMP=y,True
linux-6.18-rc3/arch/riscv/kernel/hibernate.c,404,413,CONFIG_PM_SLEEP_SMP,CONFIG_PM_SLEEP_SMP,CONFIG_PM_SLEEP_SMP=y,True
linux-6.18-rc3/arch/riscv/kernel/ptrace.c,25,26,CONFIG_FPU,CONFIG_FPU,CONFIG_FPU=y,True
linux-6.18-rc3/arch/riscv/kernel/ptrace.c,28,29,CONFIG_RISCV_ISA_V,CONFIG_RISCV_ISA_V,CONFIG_RISCV_ISA_V=y,True
linux-6.18-rc3/arch/riscv/kernel/ptrace.c,31,32,CONFIG_RISCV_ISA_SUPM,CONFIG_RISCV_ISA_SUPM,CONFIG_RISCV_ISA_SUPM=y,True
linux-6.18-rc3/arch/riscv/kernel/ptrace.c,55,87,CONFIG_FPU,CONFIG_FPU,CONFIG_FPU=y,True
linux-6.18-rc3/arch/riscv/kernel/ptrace.c,90,155,CONFIG_RISCV_ISA_V,CONFIG_RISCV_ISA_V,CONFIG_RISCV_ISA_V=y,True
linux-6.18-rc3/arch/riscv/kernel/ptrace.c,158,184,CONFIG_RISCV_ISA_SUPM,CONFIG_RISCV_ISA_SUPM,CONFIG_RISCV_ISA_SUPM=y,True
linux-6.18-rc3/arch/riscv/kernel/ptrace.c,196,204,CONFIG_FPU,CONFIG_FPU,CONFIG_FPU=y,True
linux-6.18-rc3/arch/riscv/kernel/ptrace.c,206,215,CONFIG_RISCV_ISA_V,CONFIG_RISCV_ISA_V,CONFIG_RISCV_ISA_V=y,True
linux-6.18-rc3/arch/riscv/kernel/ptrace.c,217,225,CONFIG_RISCV_ISA_SUPM,CONFIG_RISCV_ISA_SUPM,CONFIG_RISCV_ISA_SUPM=y,True
linux-6.18-rc3/arch/riscv/kernel/ptrace.c,353,421,CONFIG_COMPAT,CONFIG_COMPAT,CONFIG_COMPAT=y,True
linux-6.18-rc3/arch/riscv/kernel/ptrace.c,422,423,!(CONFIG_COMPAT),CONFIG_COMPAT,CONFIG_COMPAT=y,False
linux-6.18-rc3/arch/riscv/kernel/stacktrace.c,17,87,CONFIG_FRAME_POINTER,CONFIG_FRAME_POINTER,CONFIG_FRAME_POINTER=y,True
linux-6.18-rc3/arch/riscv/kernel/stacktrace.c,88,118,!(CONFIG_FRAME_POINTER),CONFIG_FRAME_POINTER,CONFIG_FRAME_POINTER=y,False
linux-6.18-rc3/arch/riscv/kernel/fpu.S,110,112,__riscv_xlen == 64,,,False
linux-6.18-rc3/arch/riscv/kernel/fpu.S,113,115,!(__riscv_xlen == 64),,,False
linux-6.18-rc3/arch/riscv/kernel/fpu.S,173,226,CONFIG_RISCV_SCALAR_MISALIGNED,CONFIG_RISCV_SCALAR_MISALIGNED,CONFIG_RISCV_SCALAR_MISALIGNED=unset,False
linux-6.18-rc3/arch/riscv/kernel/suspend.c,32,40,CONFIG_MMU,CONFIG_MMU,CONFIG_MMU=y,True
linux-6.18-rc3/arch/riscv/kernel/suspend.c,52,60,CONFIG_MMU,CONFIG_MMU,CONFIG_MMU=y,True
linux-6.18-rc3/arch/riscv/kernel/suspend.c,110,196,CONFIG_RISCV_SBI,CONFIG_RISCV_SBI,CONFIG_RISCV_SBI=y,True
linux-6.18-rc3/arch/riscv/kernel/asm-offsets.c,44,45,CONFIG_SHADOW_CALL_STACK,CONFIG_SHADOW_CALL_STACK,CONFIG_SHADOW_CALL_STACK=unset,False
linux-6.18-rc3/arch/riscv/kernel/asm-offsets.c,47,50,CONFIG_64BIT,CONFIG_64BIT,CONFIG_64BIT=y,True
linux-6.18-rc3/arch/riscv/kernel/asm-offsets.c,87,88,CONFIG_STACKPROTECTOR,CONFIG_STACKPROTECTOR,CONFIG_STACKPROTECTOR=y,True
linux-6.18-rc3/arch/riscv/kernel/asm-offsets.c,502,506,CONFIG_FUNCTION_TRACER,CONFIG_FUNCTION_TRACER,CONFIG_FUNCTION_TRACER=y,True
linux-6.18-rc3/arch/riscv/kernel/asm-offsets.c,509,530,CONFIG_DYNAMIC_FTRACE_WITH_ARGS,CONFIG_DYNAMIC_FTRACE_WITH_ARGS,CONFIG_DYNAMIC_FTRACE_WITH_ARGS=y,True
linux-6.18-rc3/arch/riscv/kernel/irq.c,69,130,CONFIG_IRQ_STACKS,CONFIG_IRQ_STACKS,CONFIG_IRQ_STACKS=y,True
linux-6.18-rc3/arch/riscv/kernel/irq.c,131,133,!(CONFIG_IRQ_STACKS),CONFIG_IRQ_STACKS,CONFIG_IRQ_STACKS=y,False
linux-6.18-rc3/arch/riscv/kernel/efi-header.S,14,15,CONFIG_64BIT,CONFIG_64BIT,CONFIG_64BIT=y,True
linux-6.18-rc3/arch/riscv/kernel/efi-header.S,16,17,!(CONFIG_64BIT),CONFIG_64BIT,CONFIG_64BIT=y,False
linux-6.18-rc3/arch/riscv/kernel/efi-header.S,29,30,CONFIG_64BIT,CONFIG_64BIT,CONFIG_64BIT=y,True
linux-6.18-rc3/arch/riscv/kernel/efi-header.S,31,32,!(CONFIG_64BIT),CONFIG_64BIT,CONFIG_64BIT=y,False
linux-6.18-rc3/arch/riscv/kernel/efi-header.S,37,38,__clang__,,,False
linux-6.18-rc3/arch/riscv/kernel/efi-header.S,39,40,!(__clang__),,,False
linux-6.18-rc3/arch/riscv/kernel/efi-header.S,45,46,CONFIG_32BIT,CONFIG_32BIT,CONFIG_32BIT=unset,False
linux-6.18-rc3/arch/riscv/kernel/efi-header.S,99,100,__clang__,,,False
linux-6.18-rc3/arch/riscv/kernel/efi-header.S,101,102,!(__clang__),,,False
linux-6.18-rc3/arch/riscv/kernel/efi-header.S,105,106,__clang__,,,False
linux-6.18-rc3/arch/riscv/kernel/efi-header.S,107,108,!(__clang__),,,False
linux-6.18-rc3/arch/riscv/kernel/unaligned_access_speed.c,32,174,CONFIG_RISCV_PROBE_UNALIGNED_ACCESS,CONFIG_RISCV_PROBE_UNALIGNED_ACCESS,CONFIG_RISCV_PROBE_UNALIGNED_ACCESS=unset,False
linux-6.18-rc3/arch/riscv/kernel/unaligned_access_speed.c,175,178,!(CONFIG_RISCV_PROBE_UNALIGNED_ACCESS),CONFIG_RISCV_PROBE_UNALIGNED_ACCESS,CONFIG_RISCV_PROBE_UNALIGNED_ACCESS=unset,True
linux-6.18-rc3/arch/riscv/kernel/unaligned_access_speed.c,252,264,CONFIG_RISCV_PROBE_UNALIGNED_ACCESS,CONFIG_RISCV_PROBE_UNALIGNED_ACCESS,CONFIG_RISCV_PROBE_UNALIGNED_ACCESS=unset,False
linux-6.18-rc3/arch/riscv/kernel/unaligned_access_speed.c,280,385,CONFIG_RISCV_PROBE_VECTOR_UNALIGNED_ACCESS,CONFIG_RISCV_PROBE_VECTOR_UNALIGNED_ACCESS,CONFIG_RISCV_PROBE_VECTOR_UNALIGNED_ACCESS=y,True
linux-6.18-rc3/arch/riscv/kernel/unaligned_access_speed.c,386,390,!(CONFIG_RISCV_PROBE_VECTOR_UNALIGNED_ACCESS),CONFIG_RISCV_PROBE_VECTOR_UNALIGNED_ACCESS,CONFIG_RISCV_PROBE_VECTOR_UNALIGNED_ACCESS=y,False
linux-6.18-rc3/arch/riscv/kernel/unaligned_access_speed.c,400,405,CONFIG_RISCV_PROBE_VECTOR_UNALIGNED_ACCESS,CONFIG_RISCV_PROBE_VECTOR_UNALIGNED_ACCESS,CONFIG_RISCV_PROBE_VECTOR_UNALIGNED_ACCESS=y,True
linux-6.18-rc3/arch/riscv/kernel/acpi.c,314,338,CONFIG_PCI,CONFIG_PCI,CONFIG_PCI=y,True
linux-6.18-rc3/arch/riscv/kernel/process.c,35,38,defined(CONFIG_STACKPROTECTOR) && !defined(CONFIG_STACKPROTECTOR_PER_TASK),CONFIG_STACKPROTECTOR CONFIG_STACKPROTECTOR_PER_TASK,CONFIG_STACKPROTECTOR=y CONFIG_STACKPROTECTOR_PER_TASK=unset,False
linux-6.18-rc3/arch/riscv/kernel/process.c,115,140,CONFIG_COMPAT,CONFIG_COMPAT,CONFIG_COMPAT=y,True
linux-6.18-rc3/arch/riscv/kernel/process.c,158,164,CONFIG_64BIT,CONFIG_64BIT,CONFIG_64BIT=y,True
linux-6.18-rc3/arch/riscv/kernel/process.c,170,177,CONFIG_FPU,CONFIG_FPU,CONFIG_FPU=y,True
linux-6.18-rc3/arch/riscv/kernel/process.c,179,185,CONFIG_RISCV_ISA_V,CONFIG_RISCV_ISA_V,CONFIG_RISCV_ISA_V=y,True
linux-6.18-rc3/arch/riscv/kernel/process.c,187,189,CONFIG_RISCV_ISA_SUPM,CONFIG_RISCV_ISA_SUPM,CONFIG_RISCV_ISA_SUPM=y,True
linux-6.18-rc3/arch/riscv/kernel/process.c,270,418,CONFIG_RISCV_ISA_SUPM,CONFIG_RISCV_ISA_SUPM,CONFIG_RISCV_ISA_SUPM=y,True
linux-6.18-rc3/arch/riscv/kernel/cpu_ops.c,19,22,CONFIG_RISCV_BOOT_SPINWAIT,CONFIG_RISCV_BOOT_SPINWAIT,CONFIG_RISCV_BOOT_SPINWAIT=y,True
linux-6.18-rc3/arch/riscv/kernel/cpu_ops.c,27,31,IS_ENABLED(CONFIG_RISCV_SBI),CONFIG_RISCV_SBI,CONFIG_RISCV_SBI=y,False
linux-6.18-rc3/arch/riscv/kernel/vector.c,25,26,CONFIG_RISCV_ISA_V_PREEMPTIVE,CONFIG_RISCV_ISA_V_PREEMPTIVE,CONFIG_RISCV_ISA_V_PREEMPTIVE=y,True
linux-6.18-rc3/arch/riscv/kernel/vector.c,72,75,CONFIG_RISCV_ISA_V_PREEMPTIVE,CONFIG_RISCV_ISA_V_PREEMPTIVE,CONFIG_RISCV_ISA_V_PREEMPTIVE=y,True
linux-6.18-rc3/arch/riscv/kernel/vector.c,128,129,CONFIG_RISCV_ISA_V_PREEMPTIVE,CONFIG_RISCV_ISA_V_PREEMPTIVE,CONFIG_RISCV_ISA_V_PREEMPTIVE=y,True
linux-6.18-rc3/arch/riscv/kernel/vector.c,137,139,CONFIG_RISCV_ISA_V_PREEMPTIVE,CONFIG_RISCV_ISA_V_PREEMPTIVE,CONFIG_RISCV_ISA_V_PREEMPTIVE=y,True
linux-6.18-rc3/arch/riscv/kernel/vector.c,298,317,CONFIG_SYSCTL,CONFIG_SYSCTL,CONFIG_SYSCTL=y,True
linux-6.18-rc3/arch/riscv/kernel/vector.c,318,319,!(CONFIG_SYSCTL),CONFIG_SYSCTL,CONFIG_SYSCTL=y,False
linux-6.18-rc3/arch/riscv/kernel/module.c,48,49,CONFIG_32BIT,CONFIG_32BIT,CONFIG_32BIT=unset,False
linux-6.18-rc3/arch/riscv/kernel/module.c,50,51,!(CONFIG_32BIT),CONFIG_32BIT,CONFIG_32BIT=unset,True
linux-6.18-rc3/arch/riscv/kernel/signal.c,36,37,CONFIG_MMU,CONFIG_MMU,CONFIG_MMU=y,True
linux-6.18-rc3/arch/riscv/kernel/signal.c,41,65,CONFIG_FPU,CONFIG_FPU,CONFIG_FPU=y,True
linux-6.18-rc3/arch/riscv/kernel/signal.c,66,68,!(CONFIG_FPU),CONFIG_FPU,CONFIG_FPU=y,False
linux-6.18-rc3/arch/riscv/kernel/signal.c,71,144,CONFIG_RISCV_ISA_V,CONFIG_RISCV_ISA_V,CONFIG_RISCV_ISA_V=y,True
linux-6.18-rc3/arch/riscv/kernel/signal.c,145,147,!(CONFIG_RISCV_ISA_V),CONFIG_RISCV_ISA_V,CONFIG_RISCV_ISA_V=y,False
linux-6.18-rc3/arch/riscv/kernel/signal.c,339,341,CONFIG_MMU,CONFIG_MMU,CONFIG_MMU=y,True
linux-6.18-rc3/arch/riscv/kernel/signal.c,342,355,!(CONFIG_MMU),CONFIG_MMU,CONFIG_MMU=y,False
linux-6.18-rc3/arch/riscv/kernel/signal.c,371,374,DEBUG_SIG,,,False
linux-6.18-rc3/arch/riscv/kernel/signal.c,478,482,CONFIG_DYNAMIC_SIGFRAME,CONFIG_DYNAMIC_SIGFRAME,CONFIG_DYNAMIC_SIGFRAME=y,True
linux-6.18-rc3/arch/riscv/kernel/setup.c,50,51,CONFIG_XIP_KERNEL,CONFIG_XIP_KERNEL,CONFIG_XIP_KERNEL=unset,False
linux-6.18-rc3/arch/riscv/kernel/setup.c,68,69,CONFIG_CRASH_DUMP,CONFIG_CRASH_DUMP,CONFIG_CRASH_DUMP=y,True
linux-6.18-rc3/arch/riscv/kernel/setup.c,167,173,CONFIG_CRASH_DUMP,CONFIG_CRASH_DUMP,CONFIG_CRASH_DUMP=y,True
linux-6.18-rc3/arch/riscv/kernel/setup.c,277,279,defined(CONFIG_RISCV_COMBO_SPINLOCKS),CONFIG_RISCV_COMBO_SPINLOCKS,CONFIG_RISCV_COMBO_SPINLOCKS=y,False
linux-6.18-rc3/arch/riscv/kernel/setup.c,300,305,defined(CONFIG_RISCV_COMBO_SPINLOCKS),CONFIG_RISCV_COMBO_SPINLOCKS,CONFIG_RISCV_COMBO_SPINLOCKS=y,False
linux-6.18-rc3/arch/riscv/kernel/setup.c,335,336,IS_ENABLED(CONFIG_BUILTIN_DTB),CONFIG_BUILTIN_DTB,CONFIG_BUILTIN_DTB=unset,False
linux-6.18-rc3/arch/riscv/kernel/setup.c,337,338,!(IS_ENABLED(CONFIG_BUILTIN_DTB)),CONFIG_BUILTIN_DTB,CONFIG_BUILTIN_DTB=unset,False
linux-6.18-rc3/arch/riscv/kernel/setup.c,346,347,CONFIG_KASAN,CONFIG_KASAN,CONFIG_KASAN=y,True
linux-6.18-rc3/arch/riscv/kernel/setup.c,350,351,CONFIG_SMP,CONFIG_SMP,CONFIG_SMP=y,True
linux-6.18-rc3/arch/riscv/kernel/machine_kexec.c,112,113,defined(CONFIG_HOTPLUG_CPU),CONFIG_HOTPLUG_CPU,CONFIG_HOTPLUG_CPU=y,False
linux-6.18-rc3/arch/riscv/kernel/machine_kexec.c,160,162,CONFIG_SMP,CONFIG_SMP,CONFIG_SMP=y,True
linux-6.18-rc3/arch/riscv/kernel/sys_riscv.c,23,29,CONFIG_64BIT,CONFIG_64BIT,CONFIG_64BIT=y,True
linux-6.18-rc3/arch/riscv/kernel/sys_riscv.c,32,42,defined(CONFIG_32BIT) || defined(CONFIG_COMPAT),CONFIG_32BIT CONFIG_COMPAT,CONFIG_32BIT=unset CONFIG_COMPAT=y,False
linux-6.18-rc3/arch/riscv/kernel/patch.c,28,163,CONFIG_MMU,CONFIG_MMU,CONFIG_MMU=y,True
linux-6.18-rc3/arch/riscv/kernel/patch.c,164,177,!(CONFIG_MMU),CONFIG_MMU,CONFIG_MMU=y,False
linux-6.18-rc3/arch/riscv/kernel/cpufeature.c,1042,1043,CONFIG_RISCV_ISA_FALLBACK,CONFIG_RISCV_ISA_FALLBACK,CONFIG_RISCV_ISA_FALLBACK=y,True
linux-6.18-rc3/arch/riscv/kernel/cpufeature.c,1044,1051,!(CONFIG_RISCV_ISA_FALLBACK),CONFIG_RISCV_ISA_FALLBACK,CONFIG_RISCV_ISA_FALLBACK=y,False
linux-6.18-rc3/arch/riscv/kernel/cpufeature.c,1138,1226,CONFIG_RISCV_ALTERNATIVE,CONFIG_RISCV_ALTERNATIVE,CONFIG_RISCV_ALTERNATIVE=y,True
linux-6.18-rc3/arch/riscv/kernel/cpu_ops_sbi.c,39,62,CONFIG_HOTPLUG_CPU,CONFIG_HOTPLUG_CPU,CONFIG_HOTPLUG_CPU=y,True
linux-6.18-rc3/arch/riscv/kernel/cpu_ops_sbi.c,82,101,CONFIG_HOTPLUG_CPU,CONFIG_HOTPLUG_CPU,CONFIG_HOTPLUG_CPU=y,True
linux-6.18-rc3/arch/riscv/kernel/cpu_ops_sbi.c,106,108,CONFIG_HOTPLUG_CPU,CONFIG_HOTPLUG_CPU,CONFIG_HOTPLUG_CPU=y,True
linux-6.18-rc3/arch/riscv/kernel/ftrace.c,16,203,CONFIG_DYNAMIC_FTRACE,CONFIG_DYNAMIC_FTRACE,CONFIG_DYNAMIC_FTRACE=y,True
linux-6.18-rc3/arch/riscv/kernel/ftrace.c,204,208,!(CONFIG_DYNAMIC_FTRACE),CONFIG_DYNAMIC_FTRACE,CONFIG_DYNAMIC_FTRACE=y,False
linux-6.18-rc3/arch/riscv/kernel/ftrace.c,211,223,CONFIG_DYNAMIC_FTRACE_WITH_DIRECT_CALLS,CONFIG_DYNAMIC_FTRACE_WITH_DIRECT_CALLS,CONFIG_DYNAMIC_FTRACE_WITH_DIRECT_CALLS=unset,False
linux-6.18-rc3/arch/riscv/kernel/ftrace.c,226,270,CONFIG_FUNCTION_GRAPH_TRACER,CONFIG_FUNCTION_GRAPH_TRACER,CONFIG_FUNCTION_GRAPH_TRACER=y,True
linux-6.18-rc3/arch/riscv/kernel/cpu.c,147,148,IS_ENABLED(CONFIG_RISCV_M_MODE),CONFIG_RISCV_M_MODE,CONFIG_RISCV_M_MODE=unset,False
linux-6.18-rc3/arch/riscv/kernel/cpu.c,149,150,!(IS_ENABLED(CONFIG_RISCV_M_MODE)),CONFIG_RISCV_M_MODE,CONFIG_RISCV_M_MODE=unset,False
linux-6.18-rc3/arch/riscv/kernel/cpu.c,161,162,IS_ENABLED(CONFIG_RISCV_M_MODE),CONFIG_RISCV_M_MODE,CONFIG_RISCV_M_MODE=unset,False
linux-6.18-rc3/arch/riscv/kernel/cpu.c,163,164,!(IS_ENABLED(CONFIG_RISCV_M_MODE)),CONFIG_RISCV_M_MODE,CONFIG_RISCV_M_MODE=unset,False
linux-6.18-rc3/arch/riscv/kernel/cpu.c,205,210,IS_ENABLED(CONFIG_RISCV_M_MODE),CONFIG_RISCV_M_MODE,CONFIG_RISCV_M_MODE=unset,False
linux-6.18-rc3/arch/riscv/kernel/cpu.c,211,214,!(IS_ENABLED(CONFIG_RISCV_M_MODE)),CONFIG_RISCV_M_MODE,CONFIG_RISCV_M_MODE=unset,False
linux-6.18-rc3/arch/riscv/kernel/cpu.c,291,380,CONFIG_MMU,CONFIG_MMU,CONFIG_MMU=y,True
linux-6.18-rc3/arch/riscv/kernel/traps.c,145,146,defined(CONFIG_XIP_KERNEL) && defined(CONFIG_RISCV_ALTERNATIVE),CONFIG_RISCV_ALTERNATIVE CONFIG_XIP_KERNEL,CONFIG_RISCV_ALTERNATIVE=y CONFIG_XIP_KERNEL=unset,False
linux-6.18-rc3/arch/riscv/kernel/traps.c,147,148,!(defined(CONFIG_XIP_KERNEL) && defined(CONFIG_RISCV_ALTERNATIVE)),CONFIG_RISCV_ALTERNATIVE CONFIG_XIP_KERNEL,CONFIG_RISCV_ALTERNATIVE=y CONFIG_XIP_KERNEL=unset,False
linux-6.18-rc3/arch/riscv/kernel/traps.c,295,298,CONFIG_KGDB,CONFIG_KGDB,CONFIG_KGDB=y,True
linux-6.18-rc3/arch/riscv/kernel/traps.c,369,379,CONFIG_MMU,CONFIG_MMU,CONFIG_MMU=y,True
linux-6.18-rc3/arch/riscv/kernel/traps.c,405,418,CONFIG_GENERIC_BUG,CONFIG_GENERIC_BUG,CONFIG_GENERIC_BUG=y,True
linux-6.18-rc3/arch/riscv/kernel/traps.c,421,443,CONFIG_VMAP_STACK,CONFIG_VMAP_STACK,CONFIG_VMAP_STACK=y,True
linux-6.18-rc3/arch/riscv/kernel/vmcore_info.c,12,19,CONFIG_MMU,CONFIG_MMU,CONFIG_MMU=y,True
linux-6.18-rc3/arch/riscv/kernel/vmcore_info.c,22,26,CONFIG_XIP_KERNEL,CONFIG_XIP_KERNEL,CONFIG_XIP_KERNEL=unset,False
linux-6.18-rc3/arch/riscv/kernel/vmcore_info.c,27,29,!(CONFIG_XIP_KERNEL),CONFIG_XIP_KERNEL,CONFIG_XIP_KERNEL=unset,True
linux-6.18-rc3/arch/riscv/kernel/kernel_mode_vector.c,17,18,CONFIG_RISCV_ISA_V_PREEMPTIVE,CONFIG_RISCV_ISA_V_PREEMPTIVE,CONFIG_RISCV_ISA_V_PREEMPTIVE=y,True
linux-6.18-rc3/arch/riscv/kernel/kernel_mode_vector.c,83,188,CONFIG_RISCV_ISA_V_PREEMPTIVE,CONFIG_RISCV_ISA_V_PREEMPTIVE,CONFIG_RISCV_ISA_V_PREEMPTIVE=y,True
linux-6.18-rc3/arch/riscv/kernel/kernel_mode_vector.c,189,191,!(CONFIG_RISCV_ISA_V_PREEMPTIVE),CONFIG_RISCV_ISA_V_PREEMPTIVE,CONFIG_RISCV_ISA_V_PREEMPTIVE=y,False
linux-6.18-rc3/arch/riscv/kernel/mcount-dyn.S,88,89,HAVE_FUNCTION_GRAPH_FP_TEST,,,False
linux-6.18-rc3/arch/riscv/kernel/mcount-dyn.S,92,97,CONFIG_CC_IS_CLANG,CONFIG_CC_IS_CLANG,CONFIG_CC_IS_CLANG=y,True
linux-6.18-rc3/arch/riscv/kernel/mcount-dyn.S,116,117,HAVE_FUNCTION_GRAPH_FP_TEST,,,False
linux-6.18-rc3/arch/riscv/kernel/mcount-dyn.S,120,125,CONFIG_CC_IS_CLANG,CONFIG_CC_IS_CLANG,CONFIG_CC_IS_CLANG=y,True
linux-6.18-rc3/arch/riscv/kernel/mcount-dyn.S,142,145,CONFIG_DYNAMIC_FTRACE_WITH_CALL_OPS,CONFIG_DYNAMIC_FTRACE_WITH_CALL_OPS,CONFIG_DYNAMIC_FTRACE_WITH_CALL_OPS=unset,False
linux-6.18-rc3/arch/riscv/kernel/mcount-dyn.S,146,149,!(CONFIG_DYNAMIC_FTRACE_WITH_CALL_OPS),CONFIG_DYNAMIC_FTRACE_WITH_CALL_OPS,CONFIG_DYNAMIC_FTRACE_WITH_CALL_OPS=unset,True
linux-6.18-rc3/arch/riscv/kernel/mcount-dyn.S,155,183,CONFIG_DYNAMIC_FTRACE_WITH_CALL_OPS,CONFIG_DYNAMIC_FTRACE_WITH_CALL_OPS,CONFIG_DYNAMIC_FTRACE_WITH_CALL_OPS=unset,False
linux-6.18-rc3/arch/riscv/kernel/mcount-dyn.S,188,189,CONFIG_DYNAMIC_FTRACE_WITH_CALL_OPS,CONFIG_DYNAMIC_FTRACE_WITH_CALL_OPS,CONFIG_DYNAMIC_FTRACE_WITH_CALL_OPS=unset,False
linux-6.18-rc3/arch/riscv/kernel/mcount-dyn.S,190,193,!(CONFIG_DYNAMIC_FTRACE_WITH_CALL_OPS),CONFIG_DYNAMIC_FTRACE_WITH_CALL_OPS,CONFIG_DYNAMIC_FTRACE_WITH_CALL_OPS=unset,True
linux-6.18-rc3/arch/riscv/kernel/mcount-dyn.S,196,197,CONFIG_DYNAMIC_FTRACE_WITH_DIRECT_CALLS,CONFIG_DYNAMIC_FTRACE_WITH_DIRECT_CALLS,CONFIG_DYNAMIC_FTRACE_WITH_DIRECT_CALLS=unset,False
linux-6.18-rc3/arch/riscv/kernel/mcount-dyn.S,200,202,CONFIG_DYNAMIC_FTRACE_WITH_DIRECT_CALLS,CONFIG_DYNAMIC_FTRACE_WITH_DIRECT_CALLS,CONFIG_DYNAMIC_FTRACE_WITH_DIRECT_CALLS=unset,False
linux-6.18-rc3/arch/riscv/kernel/mcount-dyn.S,206,209,CONFIG_DYNAMIC_FTRACE_WITH_DIRECT_CALLS,CONFIG_DYNAMIC_FTRACE_WITH_DIRECT_CALLS,CONFIG_DYNAMIC_FTRACE_WITH_DIRECT_CALLS=unset,False
linux-6.18-rc3/arch/riscv/kernel/image-vars.h,8,36,__RISCV_KERNEL_IMAGE_VARS_H,,,False
linux-6.18-rc3/arch/riscv/kernel/vmlinux.lds.S,10,11,CONFIG_XIP_KERNEL,CONFIG_XIP_KERNEL,CONFIG_XIP_KERNEL=unset,False
linux-6.18-rc3/arch/riscv/kernel/vmlinux.lds.S,12,177,!(CONFIG_XIP_KERNEL),CONFIG_XIP_KERNEL,CONFIG_XIP_KERNEL=unset,True
linux-6.18-rc3/arch/riscv/kernel/copy-unaligned.h,5,17,__RISCV_KERNEL_COPY_UNALIGNED_H,,,False
linux-6.18-rc3/arch/riscv/kernel/machine_kexec_file.c,38,110,CONFIG_CRASH_DUMP,CONFIG_CRASH_DUMP,CONFIG_CRASH_DUMP=y,True
linux-6.18-rc3/arch/riscv/kernel/machine_kexec_file.c,271,310,CONFIG_CRASH_DUMP,CONFIG_CRASH_DUMP,CONFIG_CRASH_DUMP=y,True
linux-6.18-rc3/arch/riscv/kernel/machine_kexec_file.c,313,328,CONFIG_ARCH_SUPPORTS_KEXEC_PURGATORY,CONFIG_ARCH_SUPPORTS_KEXEC_PURGATORY,CONFIG_ARCH_SUPPORTS_KEXEC_PURGATORY=y,True
linux-6.18-rc3/arch/riscv/kernel/vdso.c,32,33,CONFIG_COMPAT,CONFIG_COMPAT,CONFIG_COMPAT=y,True
linux-6.18-rc3/arch/riscv/kernel/vdso.c,85,96,CONFIG_COMPAT,CONFIG_COMPAT,CONFIG_COMPAT=y,True
linux-6.18-rc3/arch/riscv/kernel/vdso.c,102,103,CONFIG_COMPAT,CONFIG_COMPAT,CONFIG_COMPAT=y,True
linux-6.18-rc3/arch/riscv/kernel/vdso.c,152,167,CONFIG_COMPAT,CONFIG_COMPAT,CONFIG_COMPAT=y,True
linux-6.18-rc3/arch/riscv/kernel/kgdb.c,369,372,CONFIG_RISCV_ISA_C,CONFIG_RISCV_ISA_C,CONFIG_RISCV_ISA_C=y,True
linux-6.18-rc3/arch/riscv/kernel/kgdb.c,373,376,!(CONFIG_RISCV_ISA_C),CONFIG_RISCV_ISA_C,CONFIG_RISCV_ISA_C=y,False
linux-6.18-rc3/arch/riscv/kernel/sys_hwprobe.c,190,212,defined(CONFIG_RISCV_PROBE_UNALIGNED_ACCESS),CONFIG_RISCV_PROBE_UNALIGNED_ACCESS,CONFIG_RISCV_PROBE_UNALIGNED_ACCESS=unset,False
linux-6.18-rc3/arch/riscv/kernel/sys_hwprobe.c,213,223,!(defined(CONFIG_RISCV_PROBE_UNALIGNED_ACCESS)),CONFIG_RISCV_PROBE_UNALIGNED_ACCESS,CONFIG_RISCV_PROBE_UNALIGNED_ACCESS=unset,False
linux-6.18-rc3/arch/riscv/kernel/sys_hwprobe.c,226,249,CONFIG_RISCV_VECTOR_MISALIGNED,CONFIG_RISCV_VECTOR_MISALIGNED,CONFIG_RISCV_VECTOR_MISALIGNED=y,True
linux-6.18-rc3/arch/riscv/kernel/sys_hwprobe.c,250,260,!(CONFIG_RISCV_VECTOR_MISALIGNED),CONFIG_RISCV_VECTOR_MISALIGNED,CONFIG_RISCV_VECTOR_MISALIGNED=y,False
linux-6.18-rc3/arch/riscv/kernel/sys_hwprobe.c,466,543,CONFIG_MMU,CONFIG_MMU,CONFIG_MMU=y,True
linux-6.18-rc3/arch/riscv/kernel/sys_hwprobe.c,544,547,!(CONFIG_MMU),CONFIG_MMU,CONFIG_MMU=y,False
linux-6.18-rc3/arch/riscv/kernel/head.S,28,33,CONFIG_EFI,CONFIG_EFI,CONFIG_EFI=y,True
linux-6.18-rc3/arch/riscv/kernel/head.S,34,38,!(CONFIG_EFI),CONFIG_EFI,CONFIG_EFI=y,False
linux-6.18-rc3/arch/riscv/kernel/head.S,41,43,CONFIG_RISCV_M_MODE,CONFIG_RISCV_M_MODE,CONFIG_RISCV_M_MODE=unset,False
linux-6.18-rc3/arch/riscv/kernel/head.S,44,51,!(CONFIG_RISCV_M_MODE),CONFIG_RISCV_M_MODE,CONFIG_RISCV_M_MODE=unset,True
linux-6.18-rc3/arch/riscv/kernel/head.S,62,66,CONFIG_EFI,CONFIG_EFI,CONFIG_EFI=y,True
linux-6.18-rc3/arch/riscv/kernel/head.S,67,68,!(CONFIG_EFI),CONFIG_EFI,CONFIG_EFI=y,False
linux-6.18-rc3/arch/riscv/kernel/head.S,72,125,CONFIG_MMU,CONFIG_MMU,CONFIG_MMU=y,True
linux-6.18-rc3/arch/riscv/kernel/head.S,127,174,CONFIG_SMP,CONFIG_SMP,CONFIG_SMP=y,True
linux-6.18-rc3/arch/riscv/kernel/head.S,208,234,CONFIG_RISCV_M_MODE,CONFIG_RISCV_M_MODE,CONFIG_RISCV_M_MODE=unset,False
linux-6.18-rc3/arch/riscv/kernel/head.S,235,238,!(CONFIG_RISCV_M_MODE),CONFIG_RISCV_M_MODE,CONFIG_RISCV_M_MODE=unset,True
linux-6.18-rc3/arch/riscv/kernel/head.S,251,276,CONFIG_RISCV_BOOT_SPINWAIT,CONFIG_RISCV_BOOT_SPINWAIT,CONFIG_RISCV_BOOT_SPINWAIT=y,True
linux-6.18-rc3/arch/riscv/kernel/head.S,279,288,CONFIG_XIP_KERNEL,CONFIG_XIP_KERNEL,CONFIG_XIP_KERNEL=unset,False
linux-6.18-rc3/arch/riscv/kernel/head.S,291,300,CONFIG_XIP_KERNEL,CONFIG_XIP_KERNEL,CONFIG_XIP_KERNEL=unset,False
linux-6.18-rc3/arch/riscv/kernel/head.S,312,314,CONFIG_BUILTIN_DTB,CONFIG_BUILTIN_DTB,CONFIG_BUILTIN_DTB=unset,False
linux-6.18-rc3/arch/riscv/kernel/head.S,315,316,!(CONFIG_BUILTIN_DTB),CONFIG_BUILTIN_DTB,CONFIG_BUILTIN_DTB=unset,True
linux-6.18-rc3/arch/riscv/kernel/head.S,322,325,CONFIG_MMU,CONFIG_MMU,CONFIG_MMU=y,True
linux-6.18-rc3/arch/riscv/kernel/head.S,335,336,CONFIG_KASAN,CONFIG_KASAN,CONFIG_KASAN=y,True
linux-6.18-rc3/arch/riscv/kernel/head.S,342,368,CONFIG_RISCV_BOOT_SPINWAIT,CONFIG_RISCV_BOOT_SPINWAIT,CONFIG_RISCV_BOOT_SPINWAIT=y,True
linux-6.18-rc3/arch/riscv/kernel/head.S,373,472,CONFIG_RISCV_M_MODE,CONFIG_RISCV_M_MODE,CONFIG_RISCV_M_MODE=unset,False
linux-6.18-rc3/arch/riscv/kernel/vendor_extensions.c,17,18,CONFIG_RISCV_ISA_VENDOR_EXT_ANDES,CONFIG_RISCV_ISA_VENDOR_EXT_ANDES,CONFIG_RISCV_ISA_VENDOR_EXT_ANDES=y,True
linux-6.18-rc3/arch/riscv/kernel/vendor_extensions.c,20,21,CONFIG_RISCV_ISA_VENDOR_EXT_MIPS,CONFIG_RISCV_ISA_VENDOR_EXT_MIPS,CONFIG_RISCV_ISA_VENDOR_EXT_MIPS=y,True
linux-6.18-rc3/arch/riscv/kernel/vendor_extensions.c,23,24,CONFIG_RISCV_ISA_VENDOR_EXT_SIFIVE,CONFIG_RISCV_ISA_VENDOR_EXT_SIFIVE,CONFIG_RISCV_ISA_VENDOR_EXT_SIFIVE=y,True
linux-6.18-rc3/arch/riscv/kernel/vendor_extensions.c,26,27,CONFIG_RISCV_ISA_VENDOR_EXT_THEAD,CONFIG_RISCV_ISA_VENDOR_EXT_THEAD,CONFIG_RISCV_ISA_VENDOR_EXT_THEAD=y,True
linux-6.18-rc3/arch/riscv/kernel/alternative.c,34,37,CONFIG_RISCV_M_MODE,CONFIG_RISCV_M_MODE,CONFIG_RISCV_M_MODE=unset,False
linux-6.18-rc3/arch/riscv/kernel/alternative.c,38,41,!(CONFIG_RISCV_M_MODE),CONFIG_RISCV_M_MODE,CONFIG_RISCV_M_MODE=unset,True
linux-6.18-rc3/arch/riscv/kernel/alternative.c,45,48,CONFIG_ERRATA_ANDES,CONFIG_ERRATA_ANDES,CONFIG_ERRATA_ANDES=y,True
linux-6.18-rc3/arch/riscv/kernel/alternative.c,50,53,CONFIG_ERRATA_MIPS,CONFIG_ERRATA_MIPS,CONFIG_ERRATA_MIPS=y,True
linux-6.18-rc3/arch/riscv/kernel/alternative.c,55,58,CONFIG_ERRATA_SIFIVE,CONFIG_ERRATA_SIFIVE,CONFIG_ERRATA_SIFIVE=y,True
linux-6.18-rc3/arch/riscv/kernel/alternative.c,60,63,CONFIG_ERRATA_THEAD,CONFIG_ERRATA_THEAD,CONFIG_ERRATA_THEAD=y,True
linux-6.18-rc3/arch/riscv/kernel/alternative.c,176,196,CONFIG_MMU,CONFIG_MMU,CONFIG_MMU=y,True
linux-6.18-rc3/arch/riscv/kernel/alternative.c,197,198,!(CONFIG_MMU),CONFIG_MMU,CONFIG_MMU=y,False
linux-6.18-rc3/arch/riscv/kernel/alternative.c,227,230,CONFIG_RISCV_ALTERNATIVE_EARLY,CONFIG_RISCV_ALTERNATIVE_EARLY,CONFIG_RISCV_ALTERNATIVE_EARLY=y,True
linux-6.18-rc3/arch/riscv/kernel/alternative.c,234,240,CONFIG_MODULES,CONFIG_MODULES,CONFIG_MODULES=y,True
linux-6.18-rc3/arch/riscv/kernel/suspend_entry.S,66,78,CONFIG_MMU,CONFIG_MMU,CONFIG_MMU=y,True
linux-6.18-rc3/arch/riscv/kernel/head.h,5,22,__ASM_HEAD_H,,,False
linux-6.18-rc3/arch/riscv/kernel/smpboot.c,68,116,CONFIG_ACPI,CONFIG_ACPI,CONFIG_ACPI=y,True
linux-6.18-rc3/arch/riscv/kernel/smpboot.c,117,118,!(CONFIG_ACPI),CONFIG_ACPI,CONFIG_ACPI=y,False
linux-6.18-rc3/arch/riscv/kernel/sbi.c,27,152,CONFIG_RISCV_SBI_V01,CONFIG_RISCV_SBI_V01,CONFIG_RISCV_SBI_V01=y,True
linux-6.18-rc3/arch/riscv/kernel/sbi.c,153,176,!(CONFIG_RISCV_SBI_V01),CONFIG_RISCV_SBI_V01,CONFIG_RISCV_SBI_V01=y,False
linux-6.18-rc3/arch/riscv/kernel/sbi.c,181,183,__riscv_xlen == 32,,,False
linux-6.18-rc3/arch/riscv/kernel/sbi.c,184,186,!(__riscv_xlen == 32),,,False
linux-6.18-rc3/arch/riscv/kernel/entry.S,108,118,CONFIG_64BIT,CONFIG_64BIT,CONFIG_64BIT=y,True
linux-6.18-rc3/arch/riscv/kernel/entry.S,123,128,CONFIG_VMAP_STACK,CONFIG_VMAP_STACK,CONFIG_VMAP_STACK=y,True
linux-6.18-rc3/arch/riscv/kernel/entry.S,174,176,CONFIG_RISCV_ISA_V_PREEMPTIVE,CONFIG_RISCV_ISA_V_PREEMPTIVE,CONFIG_RISCV_ISA_V_PREEMPTIVE=y,True
linux-6.18-rc3/arch/riscv/kernel/entry.S,215,218,CONFIG_RISCV_M_MODE,CONFIG_RISCV_M_MODE,CONFIG_RISCV_M_MODE=unset,False
linux-6.18-rc3/arch/riscv/kernel/entry.S,219,220,!(CONFIG_RISCV_M_MODE),CONFIG_RISCV_M_MODE,CONFIG_RISCV_M_MODE=unset,True
linux-6.18-rc3/arch/riscv/kernel/entry.S,224,225,CONFIG_KSTACK_ERASE,CONFIG_KSTACK_ERASE,CONFIG_KSTACK_ERASE=y,True
linux-6.18-rc3/arch/riscv/kernel/entry.S,241,243,CONFIG_RISCV_ISA_V_PREEMPTIVE,CONFIG_RISCV_ISA_V_PREEMPTIVE,CONFIG_RISCV_ISA_V_PREEMPTIVE=y,True
linux-6.18-rc3/arch/riscv/kernel/entry.S,277,278,CONFIG_RISCV_M_MODE,CONFIG_RISCV_M_MODE,CONFIG_RISCV_M_MODE=unset,False
linux-6.18-rc3/arch/riscv/kernel/entry.S,279,280,!(CONFIG_RISCV_M_MODE),CONFIG_RISCV_M_MODE,CONFIG_RISCV_M_MODE=unset,True
linux-6.18-rc3/arch/riscv/kernel/entry.S,286,320,CONFIG_VMAP_STACK,CONFIG_VMAP_STACK,CONFIG_VMAP_STACK=y,True
linux-6.18-rc3/arch/riscv/kernel/entry.S,339,373,CONFIG_IRQ_STACKS,CONFIG_IRQ_STACKS,CONFIG_IRQ_STACKS=y,True
linux-6.18-rc3/arch/riscv/kernel/entry.S,438,439,CONFIG_MMU,CONFIG_MMU,CONFIG_MMU=y,True
linux-6.18-rc3/arch/riscv/kernel/entry.S,465,469,CONFIG_MMU,CONFIG_MMU,CONFIG_MMU=y,True
linux-6.18-rc3/arch/riscv/kernel/compat_signal.c,48,96,CONFIG_FPU,CONFIG_FPU,CONFIG_FPU=y,True
linux-6.18-rc3/arch/riscv/kernel/compat_signal.c,97,99,!(CONFIG_FPU),CONFIG_FPU,CONFIG_FPU=y,False
linux-6.18-rc3/arch/riscv/kernel/compat_signal.c,236,239,COMPAT_DEBUG_SIG,,,False
linux-6.18-rc3/arch/riscv/kernel/cpu-hotplug.c,46,77,CONFIG_HOTPLUG_CPU,CONFIG_HOTPLUG_CPU,CONFIG_HOTPLUG_CPU=y,True
linux-6.18-rc3/arch/riscv/kernel/mcount.S,52,54,CONFIG_DYNAMIC_FTRACE,CONFIG_DYNAMIC_FTRACE,CONFIG_DYNAMIC_FTRACE=y,True
linux-6.18-rc3/arch/riscv/kernel/mcount.S,59,79,CONFIG_FUNCTION_GRAPH_TRACER,CONFIG_FUNCTION_GRAPH_TRACER,CONFIG_FUNCTION_GRAPH_TRACER=y,True
linux-6.18-rc3/arch/riscv/kernel/mcount.S,82,129,CONFIG_DYNAMIC_FTRACE,CONFIG_DYNAMIC_FTRACE,CONFIG_DYNAMIC_FTRACE=y,True
linux-6.18-rc3/arch/riscv/kernel/smp.c,89,107,CONFIG_KEXEC_CORE,CONFIG_KEXEC_CORE,CONFIG_KEXEC_CORE=y,True
linux-6.18-rc3/arch/riscv/kernel/smp.c,108,112,!(CONFIG_KEXEC_CORE),CONFIG_KEXEC_CORE,CONFIG_KEXEC_CORE=y,False
linux-6.18-rc3/arch/riscv/kernel/smp.c,125,129,CONFIG_IRQ_WORK,CONFIG_IRQ_WORK,CONFIG_IRQ_WORK=y,True
linux-6.18-rc3/arch/riscv/kernel/smp.c,153,156,CONFIG_GENERIC_CLOCKEVENTS_BROADCAST,CONFIG_GENERIC_CLOCKEVENTS_BROADCAST,CONFIG_GENERIC_CLOCKEVENTS_BROADCAST=y,True
linux-6.18-rc3/arch/riscv/kernel/smp.c,247,251,CONFIG_GENERIC_CLOCKEVENTS_BROADCAST,CONFIG_GENERIC_CLOCKEVENTS_BROADCAST,CONFIG_GENERIC_CLOCKEVENTS_BROADCAST=y,True
linux-6.18-rc3/arch/riscv/kernel/smp.c,279,334,CONFIG_KEXEC_CORE,CONFIG_KEXEC_CORE,CONFIG_KEXEC_CORE=y,True
linux-6.18-rc3/arch/riscv/kernel/smp.c,353,366,CONFIG_KGDB,CONFIG_KGDB,CONFIG_KGDB=y,True
linux-6.18-rc3/arch/riscv/kernel/traps_misaligned.c,23,103,CONFIG_FPU,CONFIG_FPU,CONFIG_FPU=y,True
linux-6.18-rc3/arch/riscv/kernel/traps_misaligned.c,104,121,!(CONFIG_FPU),CONFIG_FPU,CONFIG_FPU=y,False
linux-6.18-rc3/arch/riscv/kernel/traps_misaligned.c,193,212,CONFIG_RISCV_VECTOR_MISALIGNED,CONFIG_RISCV_VECTOR_MISALIGNED,CONFIG_RISCV_VECTOR_MISALIGNED=y,True
linux-6.18-rc3/arch/riscv/kernel/traps_misaligned.c,213,217,!(CONFIG_RISCV_VECTOR_MISALIGNED),CONFIG_RISCV_VECTOR_MISALIGNED,CONFIG_RISCV_VECTOR_MISALIGNED=y,False
linux-6.18-rc3/arch/riscv/kernel/traps_misaligned.c,246,251,defined(CONFIG_64BIT),CONFIG_64BIT,CONFIG_64BIT=y,False
linux-6.18-rc3/arch/riscv/kernel/traps_misaligned.c,264,272,defined(CONFIG_64BIT),CONFIG_64BIT,CONFIG_64BIT=y,False
linux-6.18-rc3/arch/riscv/kernel/traps_misaligned.c,289,296,defined(CONFIG_32BIT),CONFIG_32BIT,CONFIG_32BIT=unset,False
linux-6.18-rc3/arch/riscv/kernel/traps_misaligned.c,358,360,defined(CONFIG_64BIT),CONFIG_64BIT,CONFIG_64BIT=y,False
linux-6.18-rc3/arch/riscv/kernel/traps_misaligned.c,372,378,defined(CONFIG_64BIT),CONFIG_64BIT,CONFIG_64BIT=y,False
linux-6.18-rc3/arch/riscv/kernel/traps_misaligned.c,394,402,!defined(CONFIG_64BIT),CONFIG_64BIT,CONFIG_64BIT=y,False
linux-6.18-rc3/arch/riscv/kernel/traps_misaligned.c,454,498,CONFIG_RISCV_VECTOR_MISALIGNED,CONFIG_RISCV_VECTOR_MISALIGNED,CONFIG_RISCV_VECTOR_MISALIGNED=y,True
linux-6.18-rc3/arch/riscv/kernel/traps_misaligned.c,499,503,!(CONFIG_RISCV_VECTOR_MISALIGNED),CONFIG_RISCV_VECTOR_MISALIGNED,CONFIG_RISCV_VECTOR_MISALIGNED=y,False
linux-6.18-rc3/arch/riscv/kernel/traps_misaligned.c,518,573,CONFIG_RISCV_SCALAR_MISALIGNED,CONFIG_RISCV_SCALAR_MISALIGNED,CONFIG_RISCV_SCALAR_MISALIGNED=unset,False
linux-6.18-rc3/arch/riscv/kernel/traps_misaligned.c,574,582,!(CONFIG_RISCV_SCALAR_MISALIGNED),CONFIG_RISCV_SCALAR_MISALIGNED,CONFIG_RISCV_SCALAR_MISALIGNED=unset,True
linux-6.18-rc3/arch/riscv/kernel/traps_misaligned.c,587,616,CONFIG_RISCV_SBI,CONFIG_RISCV_SBI,CONFIG_RISCV_SBI=y,True
linux-6.18-rc3/arch/riscv/kernel/traps_misaligned.c,617,624,!(CONFIG_RISCV_SBI),CONFIG_RISCV_SBI,CONFIG_RISCV_SBI=y,False
linux-6.18-rc3/arch/riscv/kernel/perf_regs.c,31,32,__riscv_xlen == 64,,,False
linux-6.18-rc3/arch/riscv/kernel/perf_regs.c,33,34,!(__riscv_xlen == 64),,,False
linux-6.18-rc3/arch/riscv/kernel/probes/rethook.h,2,7,__RISCV_RETHOOK_H,,,False
linux-6.18-rc3/arch/riscv/kernel/probes/uprobes.c,14,15,CONFIG_RISCV_ISA_C,CONFIG_RISCV_ISA_C,CONFIG_RISCV_ISA_C=y,True
linux-6.18-rc3/arch/riscv/kernel/probes/uprobes.c,16,17,!(CONFIG_RISCV_ISA_C),CONFIG_RISCV_ISA_C,CONFIG_RISCV_ISA_C=y,False
linux-6.18-rc3/arch/riscv/kernel/probes/simulate-insn.h,3,32,_RISCV_KERNEL_PROBES_SIMULATE_INSN_H,,,False
linux-6.18-rc3/arch/riscv/kernel/probes/decode-insn.h,3,17,_RISCV_KERNEL_KPROBES_DECODE_INSN_H,,,False
linux-6.18-rc3/arch/riscv/kernel/probes/decode-insn.c,31,39,CONFIG_RISCV_ISA_C,CONFIG_RISCV_ISA_C,CONFIG_RISCV_ISA_C=y,True
linux-6.18-rc3/arch/riscv/kernel/tests/kprobes/test-kprobes.h,2,23,TEST_KPROBES_H,,,False
linux-6.18-rc3/arch/riscv/kernel/tests/kprobes/test-kprobes-asm.S,103,181,CONFIG_RISCV_ISA_C,CONFIG_RISCV_ISA_C,CONFIG_RISCV_ISA_C=y,True
linux-6.18-rc3/arch/riscv/kernel/tests/kprobes/test-kprobes-asm.S,199,210,CONFIG_RISCV_ISA_C,CONFIG_RISCV_ISA_C,CONFIG_RISCV_ISA_C=y,True
linux-6.18-rc3/arch/riscv/kernel/tests/kprobes/test-kprobes-asm.S,221,226,CONFIG_RISCV_ISA_C,CONFIG_RISCV_ISA_C,CONFIG_RISCV_ISA_C=y,True
linux-6.18-rc3/arch/riscv/kernel/tests/module_test/test_set8.S,11,13,CONFIG_32BIT,CONFIG_32BIT,CONFIG_32BIT=unset,False
linux-6.18-rc3/arch/riscv/kernel/tests/module_test/test_set8.S,14,16,!(CONFIG_32BIT),CONFIG_32BIT,CONFIG_32BIT=unset,True
linux-6.18-rc3/arch/riscv/kernel/tests/module_test/test_set6.S,11,13,CONFIG_32BIT,CONFIG_32BIT,CONFIG_32BIT=unset,False
linux-6.18-rc3/arch/riscv/kernel/tests/module_test/test_set6.S,14,16,!(CONFIG_32BIT),CONFIG_32BIT,CONFIG_32BIT=unset,True
linux-6.18-rc3/arch/riscv/kernel/tests/module_test/test_module_linking_main.c,24,26,CONFIG_AS_HAS_ULEB128,CONFIG_AS_HAS_ULEB128,CONFIG_AS_HAS_ULEB128=y,True
linux-6.18-rc3/arch/riscv/kernel/tests/module_test/test_module_linking_main.c,63,71,CONFIG_AS_HAS_ULEB128,CONFIG_AS_HAS_ULEB128,CONFIG_AS_HAS_ULEB128=y,True
linux-6.18-rc3/arch/riscv/kernel/tests/module_test/test_module_linking_main.c,77,78,CONFIG_AS_HAS_ULEB128,CONFIG_AS_HAS_ULEB128,CONFIG_AS_HAS_ULEB128=y,True
linux-6.18-rc3/arch/riscv/kernel/tests/module_test/test_set32.S,11,13,CONFIG_32BIT,CONFIG_32BIT,CONFIG_32BIT=unset,False
linux-6.18-rc3/arch/riscv/kernel/tests/module_test/test_sub64.S,9,10,CONFIG_32BIT,CONFIG_32BIT,CONFIG_32BIT=unset,False
linux-6.18-rc3/arch/riscv/kernel/tests/module_test/test_sub64.S,11,12,!(CONFIG_32BIT),CONFIG_32BIT,CONFIG_32BIT=unset,True
linux-6.18-rc3/arch/riscv/kernel/tests/module_test/test_set16.S,11,13,CONFIG_32BIT,CONFIG_32BIT,CONFIG_32BIT=unset,False
linux-6.18-rc3/arch/riscv/kernel/tests/module_test/test_set16.S,14,16,!(CONFIG_32BIT),CONFIG_32BIT,CONFIG_32BIT=unset,True
linux-6.18-rc3/arch/riscv/kernel/pi/pi.h,2,20,_RISCV_PI_H_,,,False
linux-6.18-rc3/arch/riscv/kernel/vdso/flush_icache.S,13,15,CONFIG_SMP,CONFIG_SMP,CONFIG_SMP=y,True
linux-6.18-rc3/arch/riscv/kernel/vdso/flush_icache.S,16,18,!(CONFIG_SMP),CONFIG_SMP,CONFIG_SMP=y,False
linux-6.18-rc3/arch/riscv/kernel/vdso/vdso.S,10,11,__VDSO_PATH,,,False
linux-6.18-rc3/arch/riscv/kernel/vdso/vdso.lds.S,73,76,HAS_VGETTIMEOFDAY,,,False
linux-6.18-rc3/arch/riscv/kernel/vdso/vdso.lds.S,80,81,COMPAT_VDSO,,,False
linux-6.18-rc3/arch/riscv/kernel/vdso/vdso.lds.S,83,84,defined(CONFIG_VDSO_GETRANDOM) && !defined(COMPAT_VDSO),CONFIG_VDSO_GETRANDOM,CONFIG_VDSO_GETRANDOM=y,False
linux-6.18-rc3/arch/riscv/net/bpf_jit_comp64.c,1344,1355,CONFIG_SMP,CONFIG_SMP,CONFIG_SMP=y,True
linux-6.18-rc3/arch/riscv/net/bpf_jit.h,9,1335,_BPF_JIT_H,,,False
linux-6.18-rc3/arch/riscv/boot/dts/sophgo/sg2044-reset.h,6,127,_SG2044_RESET_H,,,False
linux-6.18-rc3/arch/riscv/boot/dts/sophgo/cv18xx-reset.h,6,97,_SOPHGO_CV18XX_RESET,,,False
linux-6.18-rc3/arch/riscv/boot/dts/starfive/jh7110-pinfunc.h,7,307,__JH7110_PINFUNC_H__,,,False
linux-6.18-rc3/arch/riscv/kvm/vcpu_sbi_fwft.c,130,215,CONFIG_32BIT,CONFIG_32BIT,CONFIG_32BIT=unset,False
linux-6.18-rc3/arch/riscv/kvm/vcpu_sbi_fwft.c,228,237,CONFIG_32BIT,CONFIG_32BIT,CONFIG_32BIT=unset,False
linux-6.18-rc3/arch/riscv/kvm/vcpu_sbi_v01.c,39,40,__riscv_xlen == 32,,,False
linux-6.18-rc3/arch/riscv/kvm/vcpu_sbi_v01.c,41,42,!(__riscv_xlen == 32),,,False
linux-6.18-rc3/arch/riscv/kvm/vcpu_insn.c,399,404,CONFIG_64BIT,CONFIG_64BIT,CONFIG_64BIT=y,True
linux-6.18-rc3/arch/riscv/kvm/vcpu_insn.c,411,419,CONFIG_64BIT,CONFIG_64BIT,CONFIG_64BIT=y,True
linux-6.18-rc3/arch/riscv/kvm/vcpu_insn.c,522,524,CONFIG_64BIT,CONFIG_64BIT,CONFIG_64BIT=y,True
linux-6.18-rc3/arch/riscv/kvm/vcpu_insn.c,528,535,CONFIG_64BIT,CONFIG_64BIT,CONFIG_64BIT=y,True
linux-6.18-rc3/arch/riscv/kvm/gstage.c,14,16,CONFIG_64BIT,CONFIG_64BIT,CONFIG_64BIT=y,True
linux-6.18-rc3/arch/riscv/kvm/gstage.c,17,19,!(CONFIG_64BIT),CONFIG_64BIT,CONFIG_64BIT=y,False
linux-6.18-rc3/arch/riscv/kvm/gstage.c,318,341,CONFIG_64BIT,CONFIG_64BIT,CONFIG_64BIT=y,True
linux-6.18-rc3/arch/riscv/kvm/gstage.c,342,349,!(CONFIG_64BIT),CONFIG_64BIT,CONFIG_64BIT=y,False
linux-6.18-rc3/arch/riscv/kvm/vcpu_switch.S,273,440,CONFIG_FPU,CONFIG_FPU,CONFIG_FPU=y,True
linux-6.18-rc3/arch/riscv/kvm/vcpu_exit.c,114,115,CONFIG_64BIT,CONFIG_64BIT,CONFIG_64BIT=y,True
linux-6.18-rc3/arch/riscv/kvm/vcpu_exit.c,116,117,!(CONFIG_64BIT),CONFIG_64BIT,CONFIG_64BIT=y,False
linux-6.18-rc3/arch/riscv/kvm/vcpu_fp.c,16,74,CONFIG_FPU,CONFIG_FPU,CONFIG_FPU=y,True
linux-6.18-rc3/arch/riscv/kvm/vcpu_sbi_replace.c,29,30,__riscv_xlen == 32,,,False
linux-6.18-rc3/arch/riscv/kvm/vcpu_sbi_replace.c,31,32,!(__riscv_xlen == 32),,,False
linux-6.18-rc3/arch/riscv/kvm/vcpu_vector.c,18,93,CONFIG_RISCV_ISA_V,CONFIG_RISCV_ISA_V,CONFIG_RISCV_ISA_V=y,True
linux-6.18-rc3/arch/riscv/kvm/vcpu.c,229,233,CONFIG_GUEST_PERF_EVENTS,CONFIG_GUEST_PERF_EVENTS,CONFIG_GUEST_PERF_EVENTS=y,True
linux-6.18-rc3/arch/riscv/kvm/vcpu_sbi.c,15,20,CONFIG_RISCV_SBI_V01,CONFIG_RISCV_SBI_V01,CONFIG_RISCV_SBI_V01=y,True
linux-6.18-rc3/arch/riscv/kvm/vcpu_sbi.c,23,28,CONFIG_RISCV_PMU_SBI,CONFIG_RISCV_PMU_SBI,CONFIG_RISCV_PMU_SBI=y,True
linux-6.18-rc3/arch/riscv/kvm/vcpu_sbi.c,595,598,CONFIG_RISCV_SBI_V01,CONFIG_RISCV_SBI_V01,CONFIG_RISCV_SBI_V01=y,True
linux-6.18-rc3/arch/riscv/kvm/aia_imsic.c,262,265,CONFIG_32BIT,CONFIG_32BIT,CONFIG_32BIT=unset,False
linux-6.18-rc3/arch/riscv/kvm/aia_imsic.c,266,267,!(CONFIG_32BIT),CONFIG_32BIT,CONFIG_32BIT=unset,True
linux-6.18-rc3/arch/riscv/kvm/aia_imsic.c,300,302,CONFIG_32BIT,CONFIG_32BIT,CONFIG_32BIT=unset,False
linux-6.18-rc3/arch/riscv/kvm/aia_imsic.c,341,344,CONFIG_32BIT,CONFIG_32BIT,CONFIG_32BIT=unset,False
linux-6.18-rc3/arch/riscv/kvm/aia_imsic.c,345,346,!(CONFIG_32BIT),CONFIG_32BIT,CONFIG_32BIT=unset,True
linux-6.18-rc3/arch/riscv/kvm/aia_imsic.c,399,401,CONFIG_32BIT,CONFIG_32BIT,CONFIG_32BIT=unset,False
linux-6.18-rc3/arch/riscv/kvm/aia_imsic.c,411,413,CONFIG_32BIT,CONFIG_32BIT,CONFIG_32BIT=unset,False
linux-6.18-rc3/arch/riscv/kvm/aia_imsic.c,473,475,CONFIG_32BIT,CONFIG_32BIT,CONFIG_32BIT=unset,False
linux-6.18-rc3/arch/riscv/kvm/aia_imsic.c,540,542,CONFIG_32BIT,CONFIG_32BIT,CONFIG_32BIT=unset,False
linux-6.18-rc3/arch/riscv/kvm/aia_imsic.c,577,579,CONFIG_32BIT,CONFIG_32BIT,CONFIG_32BIT=unset,False
linux-6.18-rc3/arch/riscv/kvm/aia_imsic.c,671,673,CONFIG_32BIT,CONFIG_32BIT,CONFIG_32BIT=unset,False
linux-6.18-rc3/arch/riscv/kvm/vcpu_timer.c,74,76,defined(CONFIG_32BIT),CONFIG_32BIT,CONFIG_32BIT=unset,False
linux-6.18-rc3/arch/riscv/kvm/vcpu_timer.c,77,78,!(defined(CONFIG_32BIT)),CONFIG_32BIT,CONFIG_32BIT=unset,False
linux-6.18-rc3/arch/riscv/kvm/vcpu_timer.c,292,294,defined(CONFIG_32BIT),CONFIG_32BIT,CONFIG_32BIT=unset,False
linux-6.18-rc3/arch/riscv/kvm/vcpu_timer.c,295,296,!(defined(CONFIG_32BIT)),CONFIG_32BIT,CONFIG_32BIT=unset,False
linux-6.18-rc3/arch/riscv/kvm/vcpu_timer.c,309,311,defined(CONFIG_32BIT),CONFIG_32BIT,CONFIG_32BIT=unset,False
linux-6.18-rc3/arch/riscv/kvm/vcpu_timer.c,312,313,!(defined(CONFIG_32BIT)),CONFIG_32BIT,CONFIG_32BIT=unset,False
linux-6.18-rc3/arch/riscv/kvm/vcpu_timer.c,330,332,defined(CONFIG_32BIT),CONFIG_32BIT,CONFIG_32BIT=unset,False
linux-6.18-rc3/arch/riscv/kvm/vcpu_timer.c,333,334,!(defined(CONFIG_32BIT)),CONFIG_32BIT,CONFIG_32BIT=unset,False
linux-6.18-rc3/arch/riscv/kvm/vcpu_timer.c,362,363,defined(CONFIG_32BIT),CONFIG_32BIT,CONFIG_32BIT=unset,False
linux-6.18-rc3/arch/riscv/kvm/aia.c,47,71,CONFIG_32BIT,CONFIG_32BIT,CONFIG_32BIT=unset,False
linux-6.18-rc3/arch/riscv/kvm/aia.c,81,84,CONFIG_32BIT,CONFIG_32BIT,CONFIG_32BIT=unset,False
linux-6.18-rc3/arch/riscv/kvm/aia.c,104,105,CONFIG_32BIT,CONFIG_32BIT,CONFIG_32BIT=unset,False
linux-6.18-rc3/arch/riscv/kvm/aia.c,123,127,CONFIG_32BIT,CONFIG_32BIT,CONFIG_32BIT=unset,False
linux-6.18-rc3/arch/riscv/kvm/aia.c,133,137,CONFIG_32BIT,CONFIG_32BIT,CONFIG_32BIT=unset,False
linux-6.18-rc3/arch/riscv/kvm/aia.c,161,165,CONFIG_32BIT,CONFIG_32BIT,CONFIG_32BIT=unset,False
linux-6.18-rc3/arch/riscv/kvm/aia.c,171,175,CONFIG_32BIT,CONFIG_32BIT,CONFIG_32BIT=unset,False
linux-6.18-rc3/arch/riscv/kvm/aia.c,208,210,CONFIG_32BIT,CONFIG_32BIT,CONFIG_32BIT=unset,False
linux-6.18-rc3/arch/riscv/kvm/aia.c,264,266,CONFIG_32BIT,CONFIG_32BIT,CONFIG_32BIT=unset,False
linux-6.18-rc3/arch/riscv/kvm/aia.c,267,275,!(CONFIG_32BIT),CONFIG_32BIT,CONFIG_32BIT=unset,True
linux-6.18-rc3/arch/riscv/kvm/aia.c,297,299,CONFIG_32BIT,CONFIG_32BIT,CONFIG_32BIT=unset,False
linux-6.18-rc3/arch/riscv/kvm/aia.c,300,308,!(CONFIG_32BIT),CONFIG_32BIT,CONFIG_32BIT=unset,True
linux-6.18-rc3/arch/riscv/kvm/aia.c,322,324,CONFIG_32BIT,CONFIG_32BIT,CONFIG_32BIT=unset,False
linux-6.18-rc3/arch/riscv/kvm/aia.c,325,333,!(CONFIG_32BIT),CONFIG_32BIT,CONFIG_32BIT=unset,True
linux-6.18-rc3/arch/riscv/kvm/aia.c,348,350,CONFIG_32BIT,CONFIG_32BIT,CONFIG_32BIT=unset,False
linux-6.18-rc3/arch/riscv/kvm/aia.c,543,547,CONFIG_32BIT,CONFIG_32BIT,CONFIG_32BIT=unset,False
linux-6.18-rc3/arch/riscv/kvm/trace.h,8,58,!defined(_TRACE_KVM_H) || defined(TRACE_HEADER_MULTI_READ),,,False
linux-6.18-rc3/arch/riscv/kvm/vcpu_sbi_pmu.c,38,39,defined(CONFIG_32BIT),CONFIG_32BIT,CONFIG_32BIT=unset,False
linux-6.18-rc3/arch/riscv/kvm/vcpu_sbi_pmu.c,40,41,!(defined(CONFIG_32BIT)),CONFIG_32BIT,CONFIG_32BIT=unset,False
linux-6.18-rc3/arch/riscv/kvm/vcpu_sbi_pmu.c,53,54,defined(CONFIG_32BIT),CONFIG_32BIT,CONFIG_32BIT=unset,False
linux-6.18-rc3/arch/riscv/kvm/vcpu_sbi_pmu.c,55,56,!(defined(CONFIG_32BIT)),CONFIG_32BIT,CONFIG_32BIT=unset,False
linux-6.18-rc3/arch/riscv/lib/strcmp.S,47,121,defined(CONFIG_RISCV_ISA_ZBB) && defined(CONFIG_TOOLCHAIN_HAS_ZBB),CONFIG_TOOLCHAIN_HAS_ZBB CONFIG_RISCV_ISA_ZBB,CONFIG_TOOLCHAIN_HAS_ZBB=y CONFIG_RISCV_ISA_ZBB=y,False
linux-6.18-rc3/arch/riscv/lib/strlen.S,37,131,defined(CONFIG_RISCV_ISA_ZBB) && defined(CONFIG_TOOLCHAIN_HAS_ZBB),CONFIG_TOOLCHAIN_HAS_ZBB CONFIG_RISCV_ISA_ZBB,CONFIG_TOOLCHAIN_HAS_ZBB=y CONFIG_RISCV_ISA_ZBB=y,False
linux-6.18-rc3/arch/riscv/lib/csum.c,19,74,CONFIG_32BIT,CONFIG_32BIT,CONFIG_32BIT=unset,False
linux-6.18-rc3/arch/riscv/lib/csum.c,79,80,CONFIG_64BIT,CONFIG_64BIT,CONFIG_64BIT=y,True
linux-6.18-rc3/arch/riscv/lib/csum.c,106,107,__LITTLE_ENDIAN,,,False
linux-6.18-rc3/arch/riscv/lib/csum.c,108,109,!(__LITTLE_ENDIAN),,,False
linux-6.18-rc3/arch/riscv/lib/csum.c,146,147,__LITTLE_ENDIAN,,,False
linux-6.18-rc3/arch/riscv/lib/csum.c,148,149,!(__LITTLE_ENDIAN),,,False
linux-6.18-rc3/arch/riscv/lib/csum.c,154,207,CC_HAS_ASM_GOTO_TIED_OUTPUT,,,False
linux-6.18-rc3/arch/riscv/lib/csum.c,209,211,CONFIG_32BIT,CONFIG_32BIT,CONFIG_32BIT=unset,False
linux-6.18-rc3/arch/riscv/lib/csum.c,252,261,CONFIG_32BIT,CONFIG_32BIT,CONFIG_32BIT=unset,False
linux-6.18-rc3/arch/riscv/lib/csum.c,262,273,!(CONFIG_32BIT),CONFIG_32BIT,CONFIG_32BIT=unset,True
linux-6.18-rc3/arch/riscv/lib/csum.c,278,280,CONFIG_32BIT,CONFIG_32BIT,CONFIG_32BIT=unset,False
linux-6.18-rc3/arch/riscv/lib/memset.S,40,42,CONFIG_64BIT,CONFIG_64BIT,CONFIG_64BIT=y,True
linux-6.18-rc3/arch/riscv/lib/memset.S,60,61,CONFIG_64BIT,CONFIG_64BIT,CONFIG_64BIT=y,True
linux-6.18-rc3/arch/riscv/lib/delay.c,49,50,HZ > MAX_UDELAY_HZ,,,False
linux-6.18-rc3/arch/riscv/lib/delay.c,72,73,HZ > MAX_NDELAY_HZ,,,False
linux-6.18-rc3/arch/riscv/lib/riscv_v_helpers.c,12,13,CONFIG_MMU,CONFIG_MMU,CONFIG_MMU=y,True
linux-6.18-rc3/arch/riscv/lib/riscv_v_helpers.c,16,49,CONFIG_MMU,CONFIG_MMU,CONFIG_MMU=y,True
linux-6.18-rc3/arch/riscv/lib/strncmp.S,50,137,defined(CONFIG_RISCV_ISA_ZBB) && defined(CONFIG_TOOLCHAIN_HAS_ZBB),CONFIG_TOOLCHAIN_HAS_ZBB CONFIG_RISCV_ISA_ZBB,CONFIG_TOOLCHAIN_HAS_ZBB=y CONFIG_RISCV_ISA_ZBB=y,False
linux-6.18-rc3/arch/riscv/lib/uaccess.S,16,21,CONFIG_RISCV_ISA_V,CONFIG_RISCV_ISA_V,CONFIG_RISCV_ISA_V=y,True
linux-6.18-rc3/arch/riscv/lib/uaccess.S,44,49,CONFIG_RISCV_ISA_V,CONFIG_RISCV_ISA_V,CONFIG_RISCV_ISA_V=y,True
linux-6.18-rc3/arch/riscv/mm/context.c,20,275,CONFIG_MMU,CONFIG_MMU,CONFIG_MMU=y,True
linux-6.18-rc3/arch/riscv/mm/context.c,276,281,!(CONFIG_MMU),CONFIG_MMU,CONFIG_MMU=y,False
linux-6.18-rc3/arch/riscv/mm/context.c,301,314,CONFIG_SMP,CONFIG_SMP,CONFIG_SMP=y,True
linux-6.18-rc3/arch/riscv/mm/pageattr.c,95,259,CONFIG_64BIT,CONFIG_64BIT,CONFIG_64BIT=y,True
linux-6.18-rc3/arch/riscv/mm/pageattr.c,280,336,CONFIG_64BIT,CONFIG_64BIT,CONFIG_64BIT=y,True
linux-6.18-rc3/arch/riscv/mm/pageattr.c,337,343,!(CONFIG_64BIT),CONFIG_64BIT,CONFIG_64BIT=y,False
linux-6.18-rc3/arch/riscv/mm/pageattr.c,404,432,CONFIG_DEBUG_PAGEALLOC,CONFIG_DEBUG_PAGEALLOC,CONFIG_DEBUG_PAGEALLOC=y,True
linux-6.18-rc3/arch/riscv/mm/pgtable.c,44,59,CONFIG_64BIT,CONFIG_64BIT,CONFIG_64BIT=y,True
linux-6.18-rc3/arch/riscv/mm/pgtable.c,62,136,CONFIG_HAVE_ARCH_HUGE_VMAP,CONFIG_HAVE_ARCH_HUGE_VMAP,CONFIG_HAVE_ARCH_HUGE_VMAP=y,True
linux-6.18-rc3/arch/riscv/mm/pgtable.c,138,166,CONFIG_TRANSPARENT_HUGEPAGE,CONFIG_TRANSPARENT_HUGEPAGE,CONFIG_TRANSPARENT_HUGEPAGE=y,True
linux-6.18-rc3/arch/riscv/mm/init.c,44,45,CONFIG_XIP_KERNEL,CONFIG_XIP_KERNEL,CONFIG_XIP_KERNEL=unset,False
linux-6.18-rc3/arch/riscv/mm/init.c,48,49,CONFIG_64BIT,CONFIG_64BIT,CONFIG_64BIT=y,True
linux-6.18-rc3/arch/riscv/mm/init.c,50,51,!(CONFIG_64BIT),CONFIG_64BIT,CONFIG_64BIT=y,False
linux-6.18-rc3/arch/riscv/mm/init.c,55,59,CONFIG_64BIT,CONFIG_64BIT,CONFIG_64BIT=y,True
linux-6.18-rc3/arch/riscv/mm/init.c,65,69,CONFIG_SPARSEMEM_VMEMMAP,CONFIG_SPARSEMEM_VMEMMAP,CONFIG_SPARSEMEM_VMEMMAP=y,True
linux-6.18-rc3/arch/riscv/mm/init.c,86,87,CONFIG_ZONE_DMA32,CONFIG_ZONE_DMA32,CONFIG_ZONE_DMA32=y,True
linux-6.18-rc3/arch/riscv/mm/init.c,94,168,defined(CONFIG_MMU) && defined(CONFIG_DEBUG_VM),CONFIG_MMU CONFIG_DEBUG_VM,CONFIG_MMU=y CONFIG_DEBUG_VM=y,False
linux-6.18-rc3/arch/riscv/mm/init.c,169,170,!(defined(CONFIG_MMU) && defined(CONFIG_DEBUG_VM)),CONFIG_MMU CONFIG_DEBUG_VM,CONFIG_MMU=y CONFIG_DEBUG_VM=y,False
linux-6.18-rc3/arch/riscv/mm/init.c,176,177,CONFIG_FLATMEM,CONFIG_FLATMEM,CONFIG_FLATMEM=unset,False
linux-6.18-rc3/arch/riscv/mm/init.c,200,201,CONFIG_XIP_KERNEL,CONFIG_XIP_KERNEL,CONFIG_XIP_KERNEL=unset,False
linux-6.18-rc3/arch/riscv/mm/init.c,251,252,CONFIG_SPARSEMEM_VMEMMAP,CONFIG_SPARSEMEM_VMEMMAP,CONFIG_SPARSEMEM_VMEMMAP=y,True
linux-6.18-rc3/arch/riscv/mm/init.c,322,357,CONFIG_RELOCATABLE,CONFIG_RELOCATABLE,CONFIG_RELOCATABLE=y,True
linux-6.18-rc3/arch/riscv/mm/init.c,360,1379,CONFIG_MMU,CONFIG_MMU,CONFIG_MMU=y,True
linux-6.18-rc3/arch/riscv/mm/init.c,1380,1395,!(CONFIG_MMU),CONFIG_MMU,CONFIG_MMU=y,False
linux-6.18-rc3/arch/riscv/mm/init.c,1438,1440,CONFIG_SPARSEMEM_VMEMMAP,CONFIG_SPARSEMEM_VMEMMAP,CONFIG_SPARSEMEM_VMEMMAP=y,True
linux-6.18-rc3/arch/riscv/mm/init.c,1447,1471,CONFIG_SPARSEMEM_VMEMMAP,CONFIG_SPARSEMEM_VMEMMAP,CONFIG_SPARSEMEM_VMEMMAP=y,True
linux-6.18-rc3/arch/riscv/mm/init.c,1474,1537,defined(CONFIG_MMU) && defined(CONFIG_64BIT),CONFIG_64BIT CONFIG_MMU,CONFIG_64BIT=y CONFIG_MMU=y,False
linux-6.18-rc3/arch/riscv/mm/init.c,1540,1571,CONFIG_EXECMEM,CONFIG_EXECMEM,CONFIG_EXECMEM=y,True
linux-6.18-rc3/arch/riscv/mm/init.c,1574,1839,CONFIG_MEMORY_HOTPLUG,CONFIG_MEMORY_HOTPLUG,CONFIG_MEMORY_HOTPLUG=y,True
linux-6.18-rc3/arch/riscv/mm/ptdump.c,65,67,CONFIG_SPARSEMEM_VMEMMAP,CONFIG_SPARSEMEM_VMEMMAP,CONFIG_SPARSEMEM_VMEMMAP=y,True
linux-6.18-rc3/arch/riscv/mm/ptdump.c,72,74,CONFIG_KASAN,CONFIG_KASAN,CONFIG_KASAN=y,True
linux-6.18-rc3/arch/riscv/mm/ptdump.c,76,78,CONFIG_64BIT,CONFIG_64BIT,CONFIG_64BIT=y,True
linux-6.18-rc3/arch/riscv/mm/ptdump.c,88,90,CONFIG_SPARSEMEM_VMEMMAP,CONFIG_SPARSEMEM_VMEMMAP,CONFIG_SPARSEMEM_VMEMMAP=y,True
linux-6.18-rc3/arch/riscv/mm/ptdump.c,95,97,CONFIG_KASAN,CONFIG_KASAN,CONFIG_KASAN=y,True
linux-6.18-rc3/arch/riscv/mm/ptdump.c,99,101,CONFIG_64BIT,CONFIG_64BIT,CONFIG_64BIT=y,True
linux-6.18-rc3/arch/riscv/mm/ptdump.c,113,125,CONFIG_EFI,CONFIG_EFI,CONFIG_EFI=y,True
linux-6.18-rc3/arch/riscv/mm/ptdump.c,137,145,CONFIG_64BIT,CONFIG_64BIT,CONFIG_64BIT=y,True
linux-6.18-rc3/arch/riscv/mm/ptdump.c,217,225,CONFIG_64BIT,CONFIG_64BIT,CONFIG_64BIT=y,True
linux-6.18-rc3/arch/riscv/mm/ptdump.c,237,238,CONFIG_64BIT,CONFIG_64BIT,CONFIG_64BIT=y,True
linux-6.18-rc3/arch/riscv/mm/ptdump.c,239,240,!(CONFIG_64BIT),CONFIG_64BIT,CONFIG_64BIT=y,False
linux-6.18-rc3/arch/riscv/mm/ptdump.c,430,432,CONFIG_SPARSEMEM_VMEMMAP,CONFIG_SPARSEMEM_VMEMMAP,CONFIG_SPARSEMEM_VMEMMAP=y,True
linux-6.18-rc3/arch/riscv/mm/ptdump.c,437,439,CONFIG_KASAN,CONFIG_KASAN,CONFIG_KASAN=y,True
linux-6.18-rc3/arch/riscv/mm/ptdump.c,441,443,CONFIG_64BIT,CONFIG_64BIT,CONFIG_64BIT=y,True
linux-6.18-rc3/arch/riscv/mm/ptdump.c,457,460,CONFIG_EFI,CONFIG_EFI,CONFIG_EFI=y,True
linux-6.18-rc3/arch/riscv/mm/pmem.c,14,18,CONFIG_RISCV_NONSTANDARD_CACHE_OPS,CONFIG_RISCV_NONSTANDARD_CACHE_OPS,CONFIG_RISCV_NONSTANDARD_CACHE_OPS=y,True
linux-6.18-rc3/arch/riscv/mm/pmem.c,26,30,CONFIG_RISCV_NONSTANDARD_CACHE_OPS,CONFIG_RISCV_NONSTANDARD_CACHE_OPS,CONFIG_RISCV_NONSTANDARD_CACHE_OPS=y,True
linux-6.18-rc3/arch/riscv/mm/tlbflush.c,209,222,CONFIG_TRANSPARENT_HUGEPAGE,CONFIG_TRANSPARENT_HUGEPAGE,CONFIG_TRANSPARENT_HUGEPAGE=y,True
linux-6.18-rc3/arch/riscv/mm/cacheflush.c,12,96,CONFIG_SMP,CONFIG_SMP,CONFIG_SMP=y,True
linux-6.18-rc3/arch/riscv/mm/cacheflush.c,99,108,CONFIG_MMU,CONFIG_MMU,CONFIG_MMU=y,True
linux-6.18-rc3/arch/riscv/mm/cacheflush.c,179,198,CONFIG_SMP,CONFIG_SMP,CONFIG_SMP=y,True
linux-6.18-rc3/arch/riscv/mm/cacheflush.c,248,279,CONFIG_SMP,CONFIG_SMP,CONFIG_SMP=y,True
linux-6.18-rc3/arch/riscv/mm/cacheflush.c,280,287,!(CONFIG_SMP),CONFIG_SMP,CONFIG_SMP=y,False
linux-6.18-rc3/arch/riscv/mm/kasan_init.c,444,449,CONFIG_KASAN_VMALLOC,CONFIG_KASAN_VMALLOC,CONFIG_KASAN_VMALLOC=y,True
linux-6.18-rc3/arch/riscv/mm/hugetlbpage.c,5,406,CONFIG_RISCV_ISA_SVNAPOT,CONFIG_RISCV_ISA_SVNAPOT,CONFIG_RISCV_ISA_SVNAPOT=y,True
linux-6.18-rc3/arch/riscv/mm/hugetlbpage.c,407,413,!(CONFIG_RISCV_ISA_SVNAPOT),CONFIG_RISCV_ISA_SVNAPOT,CONFIG_RISCV_ISA_SVNAPOT=y,False
linux-6.18-rc3/arch/riscv/mm/hugetlbpage.c,433,437,CONFIG_ARCH_ENABLE_HUGEPAGE_MIGRATION,CONFIG_ARCH_ENABLE_HUGEPAGE_MIGRATION,CONFIG_ARCH_ENABLE_HUGEPAGE_MIGRATION=y,True
linux-6.18-rc3/arch/riscv/mm/hugetlbpage.c,440,448,CONFIG_CONTIG_ALLOC,CONFIG_CONTIG_ALLOC,CONFIG_CONTIG_ALLOC=y,True
linux-6.18-rc3/arch/riscv/mm/dma-noncoherent.c,22,26,CONFIG_RISCV_NONSTANDARD_CACHE_OPS,CONFIG_RISCV_NONSTANDARD_CACHE_OPS,CONFIG_RISCV_NONSTANDARD_CACHE_OPS=y,True
linux-6.18-rc3/arch/riscv/mm/dma-noncoherent.c,35,39,CONFIG_RISCV_NONSTANDARD_CACHE_OPS,CONFIG_RISCV_NONSTANDARD_CACHE_OPS,CONFIG_RISCV_NONSTANDARD_CACHE_OPS=y,True
linux-6.18-rc3/arch/riscv/mm/dma-noncoherent.c,49,53,CONFIG_RISCV_NONSTANDARD_CACHE_OPS,CONFIG_RISCV_NONSTANDARD_CACHE_OPS,CONFIG_RISCV_NONSTANDARD_CACHE_OPS=y,True
linux-6.18-rc3/arch/riscv/mm/dma-noncoherent.c,121,125,CONFIG_RISCV_NONSTANDARD_CACHE_OPS,CONFIG_RISCV_NONSTANDARD_CACHE_OPS,CONFIG_RISCV_NONSTANDARD_CACHE_OPS=y,True
linux-6.18-rc3/arch/riscv/include/asm/barrier.h,10,86,_ASM_RISCV_BARRIER_H,,,False
linux-6.18-rc3/arch/riscv/include/asm/compat.h,2,146,__ASM_COMPAT_H,,,False
linux-6.18-rc3/arch/riscv/include/asm/hugetlb.h,2,56,_ASM_RISCV_HUGETLB_H,,,False
linux-6.18-rc3/arch/riscv/include/asm/hwprobe.h,6,51,_ASM_HWPROBE_H,,,False
linux-6.18-rc3/arch/riscv/include/asm/asm-extable.h,2,85,__ASM_ASM_EXTABLE_H,,,False
linux-6.18-rc3/arch/riscv/include/asm/tlb.h,6,26,_ASM_RISCV_TLB_H,,,False
linux-6.18-rc3/arch/riscv/include/asm/irq.h,7,86,_ASM_RISCV_IRQ_H,,,False
linux-6.18-rc3/arch/riscv/include/asm/delay.h,7,19,_ASM_RISCV_DELAY_H,,,False
linux-6.18-rc3/arch/riscv/include/asm/timex.h,6,90,_ASM_RISCV_TIMEX_H,,,False
linux-6.18-rc3/arch/riscv/include/asm/gpr-num.h,2,84,__ASM_GPR_NUM_H,,,False
linux-6.18-rc3/arch/riscv/include/asm/paravirt.h,2,27,_ASM_RISCV_PARAVIRT_H,,,False
linux-6.18-rc3/arch/riscv/include/asm/vector.h,6,439,__ASM_RISCV_VECTOR_H,,,False
linux-6.18-rc3/arch/riscv/include/asm/vendor_extensions.h,6,103,_ASM_VENDOR_EXTENSIONS_H,,,False
linux-6.18-rc3/arch/riscv/include/asm/irqflags.h,7,53,_ASM_RISCV_IRQFLAGS_H,,,False
linux-6.18-rc3/arch/riscv/include/asm/archrandom.h,9,71,ASM_RISCV_ARCHRANDOM_H,,,False
linux-6.18-rc3/arch/riscv/include/asm/ftrace.h,4,241,_ASM_RISCV_FTRACE_H,,,False
linux-6.18-rc3/arch/riscv/include/asm/sparsemem.h,3,14,_ASM_RISCV_SPARSEMEM_H,,,False
linux-6.18-rc3/arch/riscv/include/asm/bug.h,6,98,_ASM_RISCV_BUG_H,,,False
linux-6.18-rc3/arch/riscv/include/asm/swab.h,2,86,_ASM_RISCV_SWAB_H,,,False
linux-6.18-rc3/arch/riscv/include/asm/soc.h,7,23,_ASM_RISCV_SOC_H,,,False
linux-6.18-rc3/arch/riscv/include/asm/sync_core.h,2,28,_ASM_RISCV_SYNC_CORE_H,,,False
linux-6.18-rc3/arch/riscv/include/asm/extable.h,2,51,_ASM_RISCV_EXTABLE_H,,,False
linux-6.18-rc3/arch/riscv/include/asm/pgtable.h,6,1142,_ASM_RISCV_PGTABLE_H,,,False
linux-6.18-rc3/arch/riscv/include/asm/membarrier.h,2,49,_ASM_RISCV_MEMBARRIER_H,,,False
linux-6.18-rc3/arch/riscv/include/asm/sections.h,5,33,__ASM_SECTIONS_H,,,False
linux-6.18-rc3/arch/riscv/include/asm/kfence.h,3,31,_ASM_RISCV_KFENCE_H,,,False
linux-6.18-rc3/arch/riscv/include/asm/stackprotector.h,3,21,_ASM_RISCV_STACKPROTECTOR_H,,,False
linux-6.18-rc3/arch/riscv/include/asm/word-at-a-time.h,8,75,_ASM_RISCV_WORD_AT_A_TIME_H,,,False
linux-6.18-rc3/arch/riscv/include/asm/set_memory.h,6,62,_ASM_RISCV_SET_MEMORY_H,,,False
linux-6.18-rc3/arch/riscv/include/asm/scs.h,2,53,_ASM_SCS_H,,,False
linux-6.18-rc3/arch/riscv/include/asm/xip_fixup.h,5,48,_ASM_RISCV_XIP_FIXUP_H,,,False
linux-6.18-rc3/arch/riscv/include/asm/cpufeature.h,6,154,_ASM_CPUFEATURE_H,,,False
linux-6.18-rc3/arch/riscv/include/asm/pgtable-32.h,6,38,_ASM_RISCV_PGTABLE_32_H,,,False
linux-6.18-rc3/arch/riscv/include/asm/pgtable-64.h,6,405,_ASM_RISCV_PGTABLE_64_H,,,False
linux-6.18-rc3/arch/riscv/include/asm/sbi.h,7,677,_ASM_RISCV_SBI_H,,,False
linux-6.18-rc3/arch/riscv/include/asm/mmio.h,11,151,_ASM_RISCV_MMIO_H,,,False
linux-6.18-rc3/arch/riscv/include/asm/kvm_vcpu_fp.h,10,58,__KVM_VCPU_RISCV_FP_H,,,False
linux-6.18-rc3/arch/riscv/include/asm/pgalloc.h,7,139,_ASM_RISCV_PGALLOC_H,,,False
linux-6.18-rc3/arch/riscv/include/asm/irq_stack.h,3,32,_ASM_RISCV_IRQ_STACK_H,,,False
linux-6.18-rc3/arch/riscv/include/asm/syscall_wrapper.h,8,107,__ASM_SYSCALL_WRAPPER_H,,,False
linux-6.18-rc3/arch/riscv/include/asm/asm.h,9,10,__ASSEMBLER__,,,False
linux-6.18-rc3/arch/riscv/include/asm/asm.h,11,12,!(__ASSEMBLER__),,,False
linux-6.18-rc3/arch/riscv/include/asm/asm.h,17,18,__riscv_xlen == 32,,,False
linux-6.18-rc3/arch/riscv/include/asm/asm.h,19,20,!(__riscv_xlen == 32),,,False
linux-6.18-rc3/arch/riscv/include/asm/asm.h,32,192,__SIZEOF_POINTER__ == 8,,,False
linux-6.18-rc3/arch/riscv/include/asm/kexec.h,7,77,_RISCV_KEXEC_H,,,False
linux-6.18-rc3/arch/riscv/include/asm/signal32.h,3,17,__ASM_SIGNAL32_H,,,False
linux-6.18-rc3/arch/riscv/include/asm/bitops.h,9,10,_LINUX_BITOPS_H,,,False
linux-6.18-rc3/arch/riscv/include/asm/bitops.h,18,23,!(defined(CONFIG_RISCV_ISA_ZBB) && defined(CONFIG_TOOLCHAIN_HAS_ZBB)) || defined(NO_ALTERNATIVE),CONFIG_TOOLCHAIN_HAS_ZBB CONFIG_RISCV_ISA_ZBB,CONFIG_TOOLCHAIN_HAS_ZBB=y CONFIG_RISCV_ISA_ZBB=y,False
linux-6.18-rc3/arch/riscv/include/asm/bitops.h,38,177,(BITS_PER_LONG == 64),,,False
linux-6.18-rc3/arch/riscv/include/asm/bitops.h,188,378,(BITS_PER_LONG == 64),,,False
linux-6.18-rc3/arch/riscv/include/asm/module.lds.h,3,8,CONFIG_MODULE_SECTIONS,CONFIG_MODULE_SECTIONS,CONFIG_MODULE_SECTIONS=y,True
linux-6.18-rc3/arch/riscv/include/asm/string.h,6,43,_ASM_RISCV_STRING_H,,,False
linux-6.18-rc3/arch/riscv/include/asm/kvm_aia.h,10,172,__KVM_RISCV_AIA_H,,,False
linux-6.18-rc3/arch/riscv/include/asm/module.h,4,129,_ASM_RISCV_MODULE_H,,,False
linux-6.18-rc3/arch/riscv/include/asm/errata_list_vendors.h,3,28,ASM_ERRATA_LIST_VENDORS_H,,,False
linux-6.18-rc3/arch/riscv/include/asm/fpu.h,6,15,_ASM_RISCV_FPU_H,,,False
linux-6.18-rc3/arch/riscv/include/asm/kprobes.h,9,53,_ASM_RISCV_KPROBES_H,,,False
linux-6.18-rc3/arch/riscv/include/asm/efi.h,5,49,_ASM_EFI_H,,,False
linux-6.18-rc3/arch/riscv/include/asm/gdb_xml.h,3,115,__ASM_GDB_XML_H_,,,False
linux-6.18-rc3/arch/riscv/include/asm/tlbflush.h,7,72,_ASM_RISCV_TLBFLUSH_H,,,False
linux-6.18-rc3/arch/riscv/include/asm/xor.h,8,67,CONFIG_RISCV_ISA_V,CONFIG_RISCV_ISA_V,CONFIG_RISCV_ISA_V=y,True
linux-6.18-rc3/arch/riscv/include/asm/uprobes.h,3,50,_ASM_RISCV_UPROBES_H,,,False
linux-6.18-rc3/arch/riscv/include/asm/current.h,10,39,_ASM_RISCV_CURRENT_H,,,False
linux-6.18-rc3/arch/riscv/include/asm/tlbbatch.h,6,14,_ASM_RISCV_TLBBATCH_H,,,False
linux-6.18-rc3/arch/riscv/include/asm/dma-noncoherent.h,6,27,__ASM_DMA_NONCOHERENT_H,,,False
linux-6.18-rc3/arch/riscv/include/asm/linkage.h,6,11,_ASM_RISCV_LINKAGE_H,,,False
linux-6.18-rc3/arch/riscv/include/asm/kvm_vcpu_sbi.h,9,113,__RISCV_KVM_VCPU_SBI_H__,,,False
linux-6.18-rc3/arch/riscv/include/asm/cacheinfo.h,6,19,_ASM_RISCV_CACHEINFO_H,,,False
linux-6.18-rc3/arch/riscv/include/asm/kvm_vcpu_timer.h,9,51,__KVM_VCPU_RISCV_TIMER_H,,,False
linux-6.18-rc3/arch/riscv/include/asm/cpu.h,3,7,_ASM_CPU_H,,,False
linux-6.18-rc3/arch/riscv/include/asm/csr.h,6,579,_ASM_RISCV_CSR_H,,,False
linux-6.18-rc3/arch/riscv/include/asm/spinlock.h,6,7,CONFIG_QUEUED_SPINLOCKS,CONFIG_QUEUED_SPINLOCKS,CONFIG_QUEUED_SPINLOCKS=y,True
linux-6.18-rc3/arch/riscv/include/asm/spinlock.h,10,49,CONFIG_RISCV_COMBO_SPINLOCKS,CONFIG_RISCV_COMBO_SPINLOCKS,CONFIG_RISCV_COMBO_SPINLOCKS=y,True
linux-6.18-rc3/arch/riscv/include/asm/checksum.h,7,91,__ASM_RISCV_CHECKSUM_H,,,False
linux-6.18-rc3/arch/riscv/include/asm/simd.h,7,63,__ASM_SIMD_H,,,False
linux-6.18-rc3/arch/riscv/include/asm/seccomp.h,3,19,_ASM_SECCOMP_H,,,False
linux-6.18-rc3/arch/riscv/include/asm/suspend.h,7,64,_ASM_RISCV_SUSPEND_H,,,False
linux-6.18-rc3/arch/riscv/include/asm/entry-common.h,3,42,_ASM_RISCV_ENTRY_COMMON_H,,,False
linux-6.18-rc3/arch/riscv/include/asm/cacheflush.h,6,106,_ASM_RISCV_CACHEFLUSH_H,,,False
linux-6.18-rc3/arch/riscv/include/asm/elf.h,8,155,_ASM_RISCV_ELF_H,,,False
linux-6.18-rc3/arch/riscv/include/asm/mmiowb.h,3,14,_ASM_RISCV_MMIOWB_H,,,False
linux-6.18-rc3/arch/riscv/include/asm/kvm_vcpu_insn.h,6,47,__KVM_VCPU_RISCV_INSN_H,,,False
linux-6.18-rc3/arch/riscv/include/asm/mmu.h,7,44,_ASM_RISCV_MMU_H,,,False
linux-6.18-rc3/arch/riscv/include/asm/cmpxchg.h,6,450,_ASM_RISCV_CMPXCHG_H,,,False
linux-6.18-rc3/arch/riscv/include/asm/kvm_types.h,2,6,_ASM_RISCV_KVM_TYPES_H,,,False
linux-6.18-rc3/arch/riscv/include/asm/text-patching.h,6,15,_ASM_RISCV_PATCH_H,,,False
linux-6.18-rc3/arch/riscv/include/asm/crash_reserve.h,2,10,_RISCV_CRASH_RESERVE_H,,,False
linux-6.18-rc3/arch/riscv/include/asm/kvm_host.h,9,329,__RISCV_KVM_HOST_H__,,,False
linux-6.18-rc3/arch/riscv/include/asm/vendorid_list.h,5,13,ASM_VENDOR_LIST_H,,,False
linux-6.18-rc3/arch/riscv/include/asm/runtime-const.h,14,29,CONFIG_32BIT,CONFIG_32BIT,CONFIG_32BIT=unset,False
linux-6.18-rc3/arch/riscv/include/asm/runtime-const.h,82,267,defined(CONFIG_RISCV_ISA_ZBA) && defined(CONFIG_TOOLCHAIN_HAS_ZBA)	\,CONFIG_TOOLCHAIN_HAS_ZBA CONFIG_RISCV_ISA_ZBA,CONFIG_TOOLCHAIN_HAS_ZBA=y CONFIG_RISCV_ISA_ZBA=y,False
linux-6.18-rc3/arch/riscv/include/asm/kvm_mmu.h,6,20,__RISCV_KVM_MMU_H_,,,False
linux-6.18-rc3/arch/riscv/include/asm/assembler.h,8,9,__ASSEMBLER__,,,False
linux-6.18-rc3/arch/riscv/include/asm/assembler.h,12,81,__ASM_ASSEMBLER_H,,,False
linux-6.18-rc3/arch/riscv/include/asm/kvm_vcpu_vector.h,10,77,__KVM_VCPU_RISCV_VECTOR_H,,,False
linux-6.18-rc3/arch/riscv/include/asm/hwcap.h,8,122,_ASM_RISCV_HWCAP_H,,,False
linux-6.18-rc3/arch/riscv/include/asm/ptrace.h,6,184,_ASM_RISCV_PTRACE_H,,,False
linux-6.18-rc3/arch/riscv/include/asm/cpu_ops_sbi.h,5,26,__ASM_CPU_OPS_SBI_H,,,False
linux-6.18-rc3/arch/riscv/include/asm/irq_work.h,2,9,_ASM_RISCV_IRQ_WORK_H,,,False
linux-6.18-rc3/arch/riscv/include/asm/probes.h,3,23,_ASM_RISCV_PROBES_H,,,False
linux-6.18-rc3/arch/riscv/include/asm/pci.h,6,32,_ASM_RISCV_PCI_H,,,False
linux-6.18-rc3/arch/riscv/include/asm/processor.h,6,219,_ASM_RISCV_PROCESSOR_H,,,False
linux-6.18-rc3/arch/riscv/include/asm/cpuidle.h,7,23,_ASM_RISCV_CPUIDLE_H,,,False
linux-6.18-rc3/arch/riscv/include/asm/semihost.h,7,25,_RISCV_SEMIHOST_H_,,,False
linux-6.18-rc3/arch/riscv/include/asm/kasan.h,4,44,__ASM_KASAN_H,,,False
linux-6.18-rc3/arch/riscv/include/asm/clint.h,6,25,_ASM_RISCV_CLINT_H,,,False
linux-6.18-rc3/arch/riscv/include/asm/jump_label.h,7,69,__ASM_JUMP_LABEL_H,,,False
linux-6.18-rc3/arch/riscv/include/asm/topology.h,2,25,_ASM_RISCV_TOPOLOGY_H,,,False
linux-6.18-rc3/arch/riscv/include/asm/atomic.h,8,352,_ASM_RISCV_ATOMIC_H,,,False
linux-6.18-rc3/arch/riscv/include/asm/cache.h,7,39,_ASM_RISCV_CACHE_H,,,False
linux-6.18-rc3/arch/riscv/include/asm/alternative.h,6,72,__ASM_ALTERNATIVE_H,,,False
linux-6.18-rc3/arch/riscv/include/asm/dmi.h,12,23,__ASM_DMI_H,,,False
linux-6.18-rc3/arch/riscv/include/asm/acpi.h,12,98,_ASM_ACPI_H,,,False
linux-6.18-rc3/arch/riscv/include/asm/insn-def.h,3,271,__ASM_INSN_DEF_H,,,False
linux-6.18-rc3/arch/riscv/include/asm/kvm_gstage.h,7,71,__RISCV_KVM_GSTAGE_H_,,,False
linux-6.18-rc3/arch/riscv/include/asm/futex.h,7,103,_ASM_RISCV_FUTEX_H,,,False
linux-6.18-rc3/arch/riscv/include/asm/unistd.h,8,16,CONFIG_COMPAT,CONFIG_COMPAT,CONFIG_COMPAT=y,True
linux-6.18-rc3/arch/riscv/include/asm/unistd.h,19,21,defined(__LP64__) && !defined(__SYSCALL_COMPAT),,,False
linux-6.18-rc3/arch/riscv/include/asm/kvm_vcpu_sbi_fwft.h,9,33,__KVM_VCPU_RISCV_FWFT_H,,,False
linux-6.18-rc3/arch/riscv/include/asm/pgtable-bits.h,6,40,_ASM_RISCV_PGTABLE_BITS_H,,,False
linux-6.18-rc3/arch/riscv/include/asm/exec.h,3,7,__ASM_EXEC_H,,,False
linux-6.18-rc3/arch/riscv/include/asm/kgdb.h,3,110,__ASM_KGDB_H_,,,False
linux-6.18-rc3/arch/riscv/include/asm/vdso.h,8,40,_ASM_RISCV_VDSO_H,,,False
linux-6.18-rc3/arch/riscv/include/asm/bugs.h,8,21,__ASM_BUGS_H,,,False
linux-6.18-rc3/arch/riscv/include/asm/perf_event.h,8,22,_ASM_RISCV_PERF_EVENT_H,,,False
linux-6.18-rc3/arch/riscv/include/asm/syscall_table.h,3,4,__BITS_PER_LONG == 64,,,False
linux-6.18-rc3/arch/riscv/include/asm/syscall_table.h,5,6,!(__BITS_PER_LONG == 64),,,False
linux-6.18-rc3/arch/riscv/include/asm/smp.h,6,116,_ASM_RISCV_SMP_H,,,False
linux-6.18-rc3/arch/riscv/include/asm/alternative-macros.h,2,160,__ASM_ALTERNATIVE_MACROS_H,,,False
linux-6.18-rc3/arch/riscv/include/asm/mmu_context.h,7,52,_ASM_RISCV_MMU_CONTEXT_H,,,False
linux-6.18-rc3/arch/riscv/include/asm/errata_list.h,5,121,ASM_ERRATA_LIST_H,,,False
linux-6.18-rc3/arch/riscv/include/asm/arch_hweight.h,12,77,(BITS_PER_LONG == 64),,,False
linux-6.18-rc3/arch/riscv/include/asm/numa.h,2,7,__ASM_NUMA_H,,,False
linux-6.18-rc3/arch/riscv/include/asm/acenv.h,6,10,_ASM_ACENV_H,,,False
linux-6.18-rc3/arch/riscv/include/asm/thread_info.h,8,123,_ASM_RISCV_THREAD_INFO_H,,,False
linux-6.18-rc3/arch/riscv/include/asm/trace.h,5,45,!defined(_TRACE_RISCV_H) || defined(TRACE_HEADER_MULTI_READ),,,False
linux-6.18-rc3/arch/riscv/include/asm/stacktrace.h,3,28,_ASM_RISCV_STACKTRACE_H,,,False
linux-6.18-rc3/arch/riscv/include/asm/cfi.h,2,23,_ASM_RISCV_CFI_H,,,False
linux-6.18-rc3/arch/riscv/include/asm/page.h,9,213,_ASM_RISCV_PAGE_H,,,False
linux-6.18-rc3/arch/riscv/include/asm/fixmap.h,6,66,_ASM_RISCV_FIXMAP_H,,,False
linux-6.18-rc3/arch/riscv/include/asm/vermagic.h,4,8,_ASM_VERMAGIC_H,,,False
linux-6.18-rc3/arch/riscv/include/asm/kdebug.h,3,11,_ASM_ARC_KDEBUG_H,,,False
linux-6.18-rc3/arch/riscv/include/asm/asm-prototypes.h,2,60,_ASM_RISCV_PROTOTYPES_H,,,False
linux-6.18-rc3/arch/riscv/include/asm/switch_to.h,6,127,_ASM_RISCV_SWITCH_TO_H,,,False
linux-6.18-rc3/arch/riscv/include/asm/kvm_vcpu_pmu.h,9,134,__KVM_VCPU_RISCV_PMU_H,,,False
linux-6.18-rc3/arch/riscv/include/asm/fence.h,2,18,_ASM_RISCV_FENCE_H,,,False
linux-6.18-rc3/arch/riscv/include/asm/image.h,3,66,_ASM_RISCV_IMAGE_H,,,False
linux-6.18-rc3/arch/riscv/include/asm/io.h,11,146,_ASM_RISCV_IO_H,,,False
linux-6.18-rc3/arch/riscv/include/asm/cpufeature-macros.h,6,65,_ASM_CPUFEATURE_MACROS_H,,,False
linux-6.18-rc3/arch/riscv/include/asm/syscall.h,10,123,_ASM_RISCV_SYSCALL_H,,,False
linux-6.18-rc3/arch/riscv/include/asm/kvm_vmid.h,6,26,__RISCV_KVM_VMID_H_,,,False
linux-6.18-rc3/arch/riscv/include/asm/uaccess.h,8,482,_ASM_RISCV_UACCESS_H,,,False
linux-6.18-rc3/arch/riscv/include/asm/clocksource.h,2,6,_ASM_CLOCKSOURCE_H,,,False
linux-6.18-rc3/arch/riscv/include/asm/insn.h,6,602,_ASM_RISCV_INSN_H,,,False
linux-6.18-rc3/arch/riscv/include/asm/kvm_tlb.h,6,83,__RISCV_KVM_TLB_H_,,,False
linux-6.18-rc3/arch/riscv/include/asm/kvm_nacl.h,6,244,__KVM_NACL_H,,,False
linux-6.18-rc3/arch/riscv/include/asm/cpu_ops.h,6,34,__ASM_CPU_OPS_H,,,False
linux-6.18-rc3/arch/riscv/include/asm/vmalloc.h,2,24,_ASM_RISCV_VMALLOC_H,,,False
linux-6.18-rc3/arch/riscv/include/asm/vendor_extensions/sifive.h,2,15,_ASM_RISCV_VENDOR_EXTENSIONS_SIFIVE_H,,,False
linux-6.18-rc3/arch/riscv/include/asm/vendor_extensions/thead.h,2,46,_ASM_RISCV_VENDOR_EXTENSIONS_THEAD_H,,,False
linux-6.18-rc3/arch/riscv/include/asm/vendor_extensions/andes.h,2,18,_ASM_RISCV_VENDOR_EXTENSIONS_ANDES_H,,,False
linux-6.18-rc3/arch/riscv/include/asm/vendor_extensions/thead_hwprobe.h,2,18,_ASM_RISCV_VENDOR_EXTENSIONS_THEAD_HWPROBE_H,,,False
linux-6.18-rc3/arch/riscv/include/asm/vendor_extensions/sifive_hwprobe.h,2,18,_ASM_RISCV_VENDOR_EXTENSIONS_SIFIVE_HWPROBE_H,,,False
linux-6.18-rc3/arch/riscv/include/asm/vendor_extensions/vendor_hwprobe.h,6,36,_ASM_RISCV_SYS_HWPROBE_H,,,False
linux-6.18-rc3/arch/riscv/include/asm/vendor_extensions/mips.h,6,36,_ASM_RISCV_VENDOR_EXTENSIONS_MIPS_H,,,False
linux-6.18-rc3/arch/riscv/include/asm/vendor_extensions/mips_hwprobe.h,6,21,_ASM_RISCV_VENDOR_EXTENSIONS_MIPS_HWPROBE_H_,,,False
linux-6.18-rc3/arch/riscv/include/asm/vdso/gettimeofday.h,2,83,__ASM_VDSO_GETTIMEOFDAY_H,,,False
linux-6.18-rc3/arch/riscv/include/asm/vdso/arch_data.h,2,22,__RISCV_ASM_VDSO_ARCH_DATA_H,,,False
linux-6.18-rc3/arch/riscv/include/asm/vdso/getrandom.h,5,29,__ASM_VDSO_GETRANDOM_H,,,False
linux-6.18-rc3/arch/riscv/include/asm/vdso/processor.h,2,28,__ASM_VDSO_PROCESSOR_H,,,False
linux-6.18-rc3/arch/riscv/include/asm/vdso/clocksource.h,2,7,__ASM_VDSOCLOCKSOURCE_H,,,False
linux-6.18-rc3/arch/riscv/include/asm/vdso/vsyscall.h,2,13,__ASM_VDSO_VSYSCALL_H,,,False
linux-6.18-rc3/arch/riscv/include/uapi/asm/hwprobe.h,6,114,_UAPI_ASM_HWPROBE_H,,,False
linux-6.18-rc3/arch/riscv/include/uapi/asm/perf_regs.h,4,41,_ASM_RISCV_PERF_REGS_H,,,False
linux-6.18-rc3/arch/riscv/include/uapi/asm/byteorder.h,7,11,_UAPI_ASM_RISCV_BYTEORDER_H,,,False
linux-6.18-rc3/arch/riscv/include/uapi/asm/kvm.h,9,394,__LINUX_KVM_RISCV_H,,,False
linux-6.18-rc3/arch/riscv/include/uapi/asm/elf.h,12,100,_UAPI_ASM_RISCV_ELF_H,,,False
linux-6.18-rc3/arch/riscv/include/uapi/asm/hwcap.h,8,25,_UAPI_ASM_RISCV_HWCAP_H,,,False
linux-6.18-rc3/arch/riscv/include/uapi/asm/ptrace.h,6,131,_UAPI_ASM_RISCV_PTRACE_H,,,False
linux-6.18-rc3/arch/riscv/include/uapi/asm/bitsperlong.h,7,13,_UAPI_ASM_RISCV_BITSPERLONG_H,,,False
linux-6.18-rc3/arch/riscv/include/uapi/asm/sigcontext.h,6,39,_UAPI_ASM_RISCV_SIGCONTEXT_H,,,False
linux-6.18-rc3/arch/riscv/include/uapi/asm/unistd.h,19,20,__BITS_PER_LONG == 64,,,False
linux-6.18-rc3/arch/riscv/include/uapi/asm/unistd.h,21,22,!(__BITS_PER_LONG == 64),,,False
linux-6.18-rc3/arch/riscv/include/uapi/asm/bpf_perf_event.h,2,8,_UAPI__ASM_BPF_PERF_EVENT_H__,,,False
linux-6.18-rc3/arch/riscv/include/uapi/asm/setup.h,3,7,_UAPI_ASM_RISCV_SETUP_H,,,False
linux-6.18-rc3/arch/riscv/include/uapi/asm/auxvec.h,7,39,_UAPI_ASM_RISCV_AUXVEC_H,,,False
linux-6.18-rc3/arch/riscv/include/uapi/asm/ucontext.h,8,37,_UAPI_ASM_RISCV_UCONTEXT_H,,,False
